file,line,type,commit,author,date,time,timezone,datetime,depth,length
static/style.css,1,css,25af2628,esmitch,2025-03-05,14:18:56,-05:00,2025-03-05T14:18:56-05:00,0,5
static/style.css,2,css,25af2628,esmitch,2025-03-05,14:18:56,-05:00,2025-03-05T14:18:56-05:00,0,40
static/style.css,3,css,25af2628,esmitch,2025-03-05,14:18:56,-05:00,2025-03-05T14:18:56-05:00,0,24
static/style.css,4,css,25af2628,esmitch,2025-03-05,14:18:56,-05:00,2025-03-05T14:18:56-05:00,0,0
static/style.css,5,css,25af2628,esmitch,2025-03-05,14:18:56,-05:00,2025-03-05T14:18:56-05:00,0,0
static/style.css,6,css,25af2628,esmitch,2025-03-05,14:18:56,-05:00,2025-03-05T14:18:56-05:00,0,5
static/style.css,7,css,25af2628,esmitch,2025-03-05,14:18:56,-05:00,2025-03-05T14:18:56-05:00,0,40
static/style.css,8,css,25af2628,esmitch,2025-03-05,14:18:56,-05:00,2025-03-05T14:18:56-05:00,0,0
static/style.css,9,css,25af2628,esmitch,2025-03-05,14:18:56,-05:00,2025-03-05T14:18:56-05:00,0,0
static/style.css,10,css,25af2628,esmitch,2025-03-05,14:18:56,-05:00,2025-03-05T14:18:56-05:00,0,5
static/style.css,11,css,25af2628,esmitch,2025-03-05,14:18:56,-05:00,2025-03-05T14:18:56-05:00,0,44
static/style.css,12,css,25af2628,esmitch,2025-03-05,14:18:56,-05:00,2025-03-05T14:18:56-05:00,0,43
static/style.css,13,css,25af2628,esmitch,2025-03-05,14:18:56,-05:00,2025-03-05T14:18:56-05:00,0,1
static/style.css,14,css,25af2628,esmitch,2025-03-05,14:18:56,-05:00,2025-03-05T14:18:56-05:00,0,24
static/style.css,15,css,25af2628,esmitch,2025-03-05,14:18:56,-05:00,2025-03-05T14:18:56-05:00,0,15
static/style.css,16,css,25af2628,esmitch,2025-03-05,14:18:56,-05:00,2025-03-05T14:18:56-05:00,0,19
static/style.css,17,css,25af2628,esmitch,2025-03-05,14:18:56,-05:00,2025-03-05T14:18:56-05:00,0,11
static/style.css,18,css,25af2628,esmitch,2025-03-05,14:18:56,-05:00,2025-03-05T14:18:56-05:00,0,14
static/style.css,19,css,25af2628,esmitch,2025-03-05,14:18:56,-05:00,2025-03-05T14:18:56-05:00,0,0
static/style.css,20,css,25af2628,esmitch,2025-03-05,14:18:56,-05:00,2025-03-05T14:18:56-05:00,0,0
static/style.css,21,css,25af2628,esmitch,2025-03-05,14:18:56,-05:00,2025-03-05T14:18:56-05:00,0,0
static/style.css,22,css,25af2628,esmitch,2025-03-05,14:18:56,-05:00,2025-03-05T14:18:56-05:00,0,0
static/style.css,23,css,25af2628,esmitch,2025-03-05,14:18:56,-05:00,2025-03-05T14:18:56-05:00,0,8
static/style.css,24,css,25af2628,esmitch,2025-03-05,14:18:56,-05:00,2025-03-05T14:18:56-05:00,0,17
static/style.css,25,css,25af2628,esmitch,2025-03-05,14:18:56,-05:00,2025-03-05T14:18:56-05:00,0,26
static/style.css,26,css,25af2628,esmitch,2025-03-05,14:18:56,-05:00,2025-03-05T14:18:56-05:00,0,26
static/style.css,27,css,25af2628,esmitch,2025-03-05,14:18:56,-05:00,2025-03-05T14:18:56-05:00,0,40
static/style.css,28,css,25af2628,esmitch,2025-03-05,14:18:56,-05:00,2025-03-05T14:18:56-05:00,0,40
static/style.css,29,css,25af2628,esmitch,2025-03-05,14:18:56,-05:00,2025-03-05T14:18:56-05:00,0,0
static/style.css,30,css,25af2628,esmitch,2025-03-05,14:18:56,-05:00,2025-03-05T14:18:56-05:00,0,0
static/style.css,31,css,25af2628,esmitch,2025-03-05,14:18:56,-05:00,2025-03-05T14:18:56-05:00,0,0
static/style.css,32,css,25af2628,esmitch,2025-03-05,14:18:56,-05:00,2025-03-05T14:18:56-05:00,0,0
static/style.css,33,css,25af2628,esmitch,2025-03-05,14:18:56,-05:00,2025-03-05T14:18:56-05:00,0,4
static/style.css,34,css,25af2628,esmitch,2025-03-05,14:18:56,-05:00,2025-03-05T14:18:56-05:00,0,15
static/style.css,35,css,25af2628,esmitch,2025-03-05,14:18:56,-05:00,2025-03-05T14:18:56-05:00,0,0
static/style.css,36,css,25af2628,esmitch,2025-03-05,14:18:56,-05:00,2025-03-05T14:18:56-05:00,0,0
static/style.css,37,css,25af2628,esmitch,2025-03-05,14:18:56,-05:00,2025-03-05T14:18:56-05:00,0,9
static/style.css,38,css,25af2628,esmitch,2025-03-05,14:18:56,-05:00,2025-03-05T14:18:56-05:00,0,13
static/style.css,39,css,25af2628,esmitch,2025-03-05,14:18:56,-05:00,2025-03-05T14:18:56-05:00,0,59
static/style.css,40,css,25af2628,esmitch,2025-03-05,14:18:56,-05:00,2025-03-05T14:18:56-05:00,0,8
static/style.css,41,css,25af2628,esmitch,2025-03-05,14:18:56,-05:00,2025-03-05T14:18:56-05:00,0,0
static/style.css,42,css,25af2628,esmitch,2025-03-05,14:18:56,-05:00,2025-03-05T14:18:56-05:00,0,0
static/style.css,43,css,25af2628,esmitch,2025-03-05,14:18:56,-05:00,2025-03-05T14:18:56-05:00,0,13
static/style.css,44,css,25af2628,esmitch,2025-03-05,14:18:56,-05:00,2025-03-05T14:18:56-05:00,0,9
static/style.css,45,css,25af2628,esmitch,2025-03-05,14:18:56,-05:00,2025-03-05T14:18:56-05:00,0,0
static/style.css,46,css,25af2628,esmitch,2025-03-05,14:18:56,-05:00,2025-03-05T14:18:56-05:00,0,0
static/style.css,47,css,25af2628,esmitch,2025-03-05,14:18:56,-05:00,2025-03-05T14:18:56-05:00,0,3
static/style.css,48,css,25af2628,esmitch,2025-03-05,14:18:56,-05:00,2025-03-05T14:18:56-05:00,0,15
static/style.css,49,css,25af2628,esmitch,2025-03-05,14:18:56,-05:00,2025-03-05T14:18:56-05:00,0,16
static/style.css,50,css,25af2628,esmitch,2025-03-05,14:18:56,-05:00,2025-03-05T14:18:56-05:00,0,0
static/style.css,51,css,25af2628,esmitch,2025-03-05,14:18:56,-05:00,2025-03-05T14:18:56-05:00,0,0
static/style.css,52,css,25af2628,esmitch,2025-03-05,14:18:56,-05:00,2025-03-05T14:18:56-05:00,0,9
static/style.css,53,css,25af2628,esmitch,2025-03-05,14:18:56,-05:00,2025-03-05T14:18:56-05:00,0,18
static/style.css,54,css,25af2628,esmitch,2025-03-05,14:18:56,-05:00,2025-03-05T14:18:56-05:00,0,0
static/style.css,55,css,25af2628,esmitch,2025-03-05,14:18:56,-05:00,2025-03-05T14:18:56-05:00,0,0
static/style.css,56,css,25af2628,esmitch,2025-03-05,14:18:56,-05:00,2025-03-05T14:18:56-05:00,0,11
static/style.css,57,css,25af2628,esmitch,2025-03-05,14:18:56,-05:00,2025-03-05T14:18:56-05:00,0,55
static/style.css,58,css,25af2628,esmitch,2025-03-05,14:18:56,-05:00,2025-03-05T14:18:56-05:00,0,17
static/style.css,59,css,25af2628,esmitch,2025-03-05,14:18:56,-05:00,2025-03-05T14:18:56-05:00,0,66
static/style.css,60,css,25af2628,esmitch,2025-03-05,14:18:56,-05:00,2025-03-05T14:18:56-05:00,0,0
static/style.css,61,css,25af2628,esmitch,2025-03-05,14:18:56,-05:00,2025-03-05T14:18:56-05:00,0,0
static/style.css,62,css,25af2628,esmitch,2025-03-05,14:18:56,-05:00,2025-03-05T14:18:56-05:00,0,10
static/style.css,63,css,25af2628,esmitch,2025-03-05,14:18:56,-05:00,2025-03-05T14:18:56-05:00,0,18
static/style.css,64,css,25af2628,esmitch,2025-03-05,14:18:56,-05:00,2025-03-05T14:18:56-05:00,0,19
static/style.css,65,css,25af2628,esmitch,2025-03-05,14:18:56,-05:00,2025-03-05T14:18:56-05:00,0,0
static/style.css,66,css,25af2628,esmitch,2025-03-05,14:18:56,-05:00,2025-03-05T14:18:56-05:00,0,0
static/style.css,67,css,25af2628,esmitch,2025-03-05,14:18:56,-05:00,2025-03-05T14:18:56-05:00,0,0
static/style.css,68,css,25af2628,esmitch,2025-03-05,14:18:56,-05:00,2025-03-05T14:18:56-05:00,0,5
static/style.css,69,css,25af2628,esmitch,2025-03-05,14:18:56,-05:00,2025-03-05T14:18:56-05:00,0,21
static/style.css,70,css,25af2628,esmitch,2025-03-05,14:18:56,-05:00,2025-03-05T14:18:56-05:00,0,24
static/style.css,71,css,25af2628,esmitch,2025-03-05,14:18:56,-05:00,2025-03-05T14:18:56-05:00,0,59
static/style.css,72,css,25af2628,esmitch,2025-03-05,14:18:56,-05:00,2025-03-05T14:18:56-05:00,0,16
static/style.css,73,css,25af2628,esmitch,2025-03-05,14:18:56,-05:00,2025-03-05T14:18:56-05:00,0,0
static/style.css,74,css,25af2628,esmitch,2025-03-05,14:18:56,-05:00,2025-03-05T14:18:56-05:00,0,0
static/style.css,75,css,25af2628,esmitch,2025-03-05,14:18:56,-05:00,2025-03-05T14:18:56-05:00,0,0
static/style.css,76,css,25af2628,esmitch,2025-03-05,14:18:56,-05:00,2025-03-05T14:18:56-05:00,0,12
static/style.css,77,css,25af2628,esmitch,2025-03-05,14:18:56,-05:00,2025-03-05T14:18:56-05:00,0,13
static/style.css,78,css,25af2628,esmitch,2025-03-05,14:18:56,-05:00,2025-03-05T14:18:56-05:00,0,59
static/style.css,79,css,25af2628,esmitch,2025-03-05,14:18:56,-05:00,2025-03-05T14:18:56-05:00,0,8
static/style.css,80,css,25af2628,esmitch,2025-03-05,14:18:56,-05:00,2025-03-05T14:18:56-05:00,0,62
static/style.css,81,css,25af2628,esmitch,2025-03-05,14:18:56,-05:00,2025-03-05T14:18:56-05:00,0,70
static/style.css,82,css,25af2628,esmitch,2025-03-05,14:18:56,-05:00,2025-03-05T14:18:56-05:00,0,13
static/style.css,83,css,25af2628,esmitch,2025-03-05,14:18:56,-05:00,2025-03-05T14:18:56-05:00,0,55
static/style.css,84,css,25af2628,esmitch,2025-03-05,14:18:56,-05:00,2025-03-05T14:18:56-05:00,0,17
static/style.css,85,css,25af2628,esmitch,2025-03-05,14:18:56,-05:00,2025-03-05T14:18:56-05:00,0,19
static/style.css,86,css,25af2628,esmitch,2025-03-05,14:18:56,-05:00,2025-03-05T14:18:56-05:00,0,19
static/style.css,87,css,25af2628,esmitch,2025-03-05,14:18:56,-05:00,2025-03-05T14:18:56-05:00,0,15
static/style.css,88,css,25af2628,esmitch,2025-03-05,14:18:56,-05:00,2025-03-05T14:18:56-05:00,0,0
static/style.css,89,css,25af2628,esmitch,2025-03-05,14:18:56,-05:00,2025-03-05T14:18:56-05:00,0,0
static/style.css,90,css,25af2628,esmitch,2025-03-05,14:18:56,-05:00,2025-03-05T14:18:56-05:00,0,20
static/style.css,91,css,25af2628,esmitch,2025-03-05,14:18:56,-05:00,2025-03-05T14:18:56-05:00,0,13
static/style.css,92,css,25af2628,esmitch,2025-03-05,14:18:56,-05:00,2025-03-05T14:18:56-05:00,0,27
static/style.css,93,css,25af2628,esmitch,2025-03-05,14:18:56,-05:00,2025-03-05T14:18:56-05:00,0,16
static/style.css,94,css,25af2628,esmitch,2025-03-05,14:18:56,-05:00,2025-03-05T14:18:56-05:00,0,18
static/style.css,95,css,25af2628,esmitch,2025-03-05,14:18:56,-05:00,2025-03-05T14:18:56-05:00,0,17
static/style.css,96,css,25af2628,esmitch,2025-03-05,14:18:56,-05:00,2025-03-05T14:18:56-05:00,0,0
static/style.css,97,css,25af2628,esmitch,2025-03-05,14:18:56,-05:00,2025-03-05T14:18:56-05:00,0,0
static/style.css,98,css,25af2628,esmitch,2025-03-05,14:18:56,-05:00,2025-03-05T14:18:56-05:00,0,18
static/style.css,99,css,25af2628,esmitch,2025-03-05,14:18:56,-05:00,2025-03-05T14:18:56-05:00,0,13
static/style.css,100,css,25af2628,esmitch,2025-03-05,14:18:56,-05:00,2025-03-05T14:18:56-05:00,0,27
static/style.css,101,css,25af2628,esmitch,2025-03-05,14:18:56,-05:00,2025-03-05T14:18:56-05:00,0,16
static/style.css,102,css,25af2628,esmitch,2025-03-05,14:18:56,-05:00,2025-03-05T14:18:56-05:00,0,18
static/style.css,103,css,25af2628,esmitch,2025-03-05,14:18:56,-05:00,2025-03-05T14:18:56-05:00,0,18
static/style.css,104,css,25af2628,esmitch,2025-03-05,14:18:56,-05:00,2025-03-05T14:18:56-05:00,0,17
static/style.css,105,css,25af2628,esmitch,2025-03-05,14:18:56,-05:00,2025-03-05T14:18:56-05:00,0,0
static/style.css,106,css,25af2628,esmitch,2025-03-05,14:18:56,-05:00,2025-03-05T14:18:56-05:00,0,0
static/style.css,107,css,25af2628,esmitch,2025-03-05,14:18:56,-05:00,2025-03-05T14:18:56-05:00,0,17
static/style.css,108,css,25af2628,esmitch,2025-03-05,14:18:56,-05:00,2025-03-05T14:18:56-05:00,0,13
static/style.css,109,css,25af2628,esmitch,2025-03-05,14:18:56,-05:00,2025-03-05T14:18:56-05:00,0,27
static/style.css,110,css,25af2628,esmitch,2025-03-05,14:18:56,-05:00,2025-03-05T14:18:56-05:00,0,16
static/style.css,111,css,25af2628,esmitch,2025-03-05,14:18:56,-05:00,2025-03-05T14:18:56-05:00,0,18
static/style.css,112,css,25af2628,esmitch,2025-03-05,14:18:56,-05:00,2025-03-05T14:18:56-05:00,0,17
static/style.css,113,css,25af2628,esmitch,2025-03-05,14:18:56,-05:00,2025-03-05T14:18:56-05:00,0,17
static/style.css,114,css,25af2628,esmitch,2025-03-05,14:18:56,-05:00,2025-03-05T14:18:56-05:00,0,0
static/style.css,115,css,25af2628,esmitch,2025-03-05,14:18:56,-05:00,2025-03-05T14:18:56-05:00,0,0
static/style.css,116,css,25af2628,esmitch,2025-03-05,14:18:56,-05:00,2025-03-05T14:18:56-05:00,0,14
static/style.css,117,css,25af2628,esmitch,2025-03-05,14:18:56,-05:00,2025-03-05T14:18:56-05:00,0,72
static/style.css,118,css,25af2628,esmitch,2025-03-05,14:18:56,-05:00,2025-03-05T14:18:56-05:00,0,19
static/style.css,119,css,25af2628,esmitch,2025-03-05,14:18:56,-05:00,2025-03-05T14:18:56-05:00,0,17
static/style.css,120,css,25af2628,esmitch,2025-03-05,14:18:56,-05:00,2025-03-05T14:18:56-05:00,0,82
static/style.css,121,css,25af2628,esmitch,2025-03-05,14:18:56,-05:00,2025-03-05T14:18:56-05:00,0,0
static/style.css,122,css,25af2628,esmitch,2025-03-05,14:18:56,-05:00,2025-03-05T14:18:56-05:00,0,0
static/style.css,123,css,25af2628,esmitch,2025-03-05,14:18:56,-05:00,2025-03-05T14:18:56-05:00,0,5
static/style.css,124,css,25af2628,esmitch,2025-03-05,14:18:56,-05:00,2025-03-05T14:18:56-05:00,0,18
static/style.css,125,css,25af2628,esmitch,2025-03-05,14:18:56,-05:00,2025-03-05T14:18:56-05:00,0,0
static/global.js,1,js,25af2628,esmitch,2025-03-05,14:18:56,-05:00,2025-03-05T14:18:56-05:00,0,26
static/global.js,2,js,25af2628,esmitch,2025-03-05,14:18:56,-05:00,2025-03-05T14:18:56-05:00,0,0
static/global.js,3,js,25af2628,esmitch,2025-03-05,14:18:56,-05:00,2025-03-05T14:18:56-05:00,0,43
static/global.js,4,js,25af2628,esmitch,2025-03-05,14:18:56,-05:00,2025-03-05T14:18:56-05:00,1,53
static/global.js,5,js,25af2628,esmitch,2025-03-05,14:18:56,-05:00,2025-03-05T14:18:56-05:00,0,0
static/global.js,6,js,25af2628,esmitch,2025-03-05,14:18:56,-05:00,2025-03-05T14:18:56-05:00,0,0
static/global.js,7,js,25af2628,esmitch,2025-03-05,14:18:56,-05:00,2025-03-05T14:18:56-05:00,0,29
static/global.js,8,js,25af2628,esmitch,2025-03-05,14:18:56,-05:00,2025-03-05T14:18:56-05:00,0,100
static/global.js,9,js,25af2628,esmitch,2025-03-05,14:18:56,-05:00,2025-03-05T14:18:56-05:00,0,57
static/global.js,10,js,25af2628,esmitch,2025-03-05,14:18:56,-05:00,2025-03-05T14:18:56-05:00,0,40
static/global.js,11,js,25af2628,esmitch,2025-03-05,14:18:56,-05:00,2025-03-05T14:18:56-05:00,0,3
static/global.js,12,js,25af2628,esmitch,2025-03-05,14:18:56,-05:00,2025-03-05T14:18:56-05:00,0,0
static/global.js,13,js,fa853f36,esmitch,2025-03-12,15:13:19,-04:00,2025-03-12T15:13:19-04:00,0,15
static/global.js,14,js,fa853f36,esmitch,2025-03-12,15:13:19,-04:00,2025-03-12T15:13:19-04:00,0,29
static/global.js,15,js,fa853f36,esmitch,2025-03-12,15:13:19,-04:00,2025-03-12T15:13:19-04:00,0,40
static/global.js,16,js,fa853f36,esmitch,2025-03-12,15:13:19,-04:00,2025-03-12T15:13:19-04:00,0,41
static/global.js,17,js,fa853f36,esmitch,2025-03-12,15:13:19,-04:00,2025-03-12T15:13:19-04:00,0,39
static/global.js,18,js,fa853f36,esmitch,2025-03-12,15:13:19,-04:00,2025-03-12T15:13:19-04:00,0,73
static/global.js,19,js,fa853f36,esmitch,2025-03-12,15:13:19,-04:00,2025-03-12T15:13:19-04:00,0,37
static/global.js,20,js,fa853f36,esmitch,2025-03-12,15:13:19,-04:00,2025-03-12T15:13:19-04:00,0,4
static/global.js,21,js,25af2628,esmitch,2025-03-05,14:18:56,-05:00,2025-03-05T14:18:56-05:00,0,0
static/global.js,22,js,25af2628,esmitch,2025-03-05,14:18:56,-05:00,2025-03-05T14:18:56-05:00,0,71
static/global.js,23,js,25af2628,esmitch,2025-03-05,14:18:56,-05:00,2025-03-05T14:18:56-05:00,0,0
static/global.js,24,js,fa853f36,esmitch,2025-03-12,15:13:19,-04:00,2025-03-12T15:13:19-04:00,0,42
static/global.js,25,js,fa853f36,esmitch,2025-03-12,15:13:19,-04:00,2025-03-12T15:13:19-04:00,0,29
static/global.js,26,js,25af2628,esmitch,2025-03-05,14:18:56,-05:00,2025-03-05T14:18:56-05:00,0,0
static/global.js,27,js,25af2628,esmitch,2025-03-05,14:18:56,-05:00,2025-03-05T14:18:56-05:00,0,21
static/global.js,28,js,25af2628,esmitch,2025-03-05,14:18:56,-05:00,2025-03-05T14:18:56-05:00,1,15
static/global.js,29,js,25af2628,esmitch,2025-03-05,14:18:56,-05:00,2025-03-05T14:18:56-05:00,0,45
static/global.js,30,js,25af2628,esmitch,2025-03-05,14:18:56,-05:00,2025-03-05T14:18:56-05:00,0,17
static/global.js,31,js,25af2628,esmitch,2025-03-05,14:18:56,-05:00,2025-03-05T14:18:56-05:00,0,0
static/global.js,32,js,25af2628,esmitch,2025-03-05,14:18:56,-05:00,2025-03-05T14:18:56-05:00,0,0
static/global.js,33,js,25af2628,esmitch,2025-03-05,14:18:56,-05:00,2025-03-05T14:18:56-05:00,1,19
static/global.js,34,js,25af2628,esmitch,2025-03-05,14:18:56,-05:00,2025-03-05T14:18:56-05:00,1,31
static/global.js,35,js,25af2628,esmitch,2025-03-05,14:18:56,-05:00,2025-03-05T14:18:56-05:00,1,35
static/global.js,36,js,25af2628,esmitch,2025-03-05,14:18:56,-05:00,2025-03-05T14:18:56-05:00,0,12
static/global.js,37,js,25af2628,esmitch,2025-03-05,14:18:56,-05:00,2025-03-05T14:18:56-05:00,0,21
static/global.js,38,js,25af2628,esmitch,2025-03-05,14:18:56,-05:00,2025-03-05T14:18:56-05:00,0,0
static/global.js,39,js,25af2628,esmitch,2025-03-05,14:18:56,-05:00,2025-03-05T14:18:56-05:00,0,66
static/global.js,40,js,25af2628,esmitch,2025-03-05,14:18:56,-05:00,2025-03-05T14:18:56-05:00,0,26
static/global.js,41,js,25af2628,esmitch,2025-03-05,14:18:56,-05:00,2025-03-05T14:18:56-05:00,0,0
static/global.js,42,js,25af2628,esmitch,2025-03-05,14:18:56,-05:00,2025-03-05T14:18:56-05:00,0,0
static/global.js,43,js,25af2628,esmitch,2025-03-05,14:18:56,-05:00,2025-03-05T14:18:56-05:00,0,29
static/global.js,44,js,25af2628,esmitch,2025-03-05,14:18:56,-05:00,2025-03-05T14:18:56-05:00,0,19
static/global.js,45,js,25af2628,esmitch,2025-03-05,14:18:56,-05:00,2025-03-05T14:18:56-05:00,0,0
static/global.js,46,js,25af2628,esmitch,2025-03-05,14:18:56,-05:00,2025-03-05T14:18:56-05:00,0,0
static/global.js,47,js,25af2628,esmitch,2025-03-05,14:18:56,-05:00,2025-03-05T14:18:56-05:00,0,13
static/global.js,48,js,25af2628,esmitch,2025-03-05,14:18:56,-05:00,2025-03-05T14:18:56-05:00,0,0
static/global.js,49,js,25af2628,esmitch,2025-03-05,14:18:56,-05:00,2025-03-05T14:18:56-05:00,0,0
static/global.js,50,js,25af2628,esmitch,2025-03-05,14:18:56,-05:00,2025-03-05T14:18:56-05:00,0,0
static/global.js,51,js,25af2628,esmitch,2025-03-05,14:18:56,-05:00,2025-03-05T14:18:56-05:00,0,0
static/global.js,52,js,fa853f36,esmitch,2025-03-12,15:13:19,-04:00,2025-03-12T15:13:19-04:00,0,50
static/global.js,53,js,fa853f36,esmitch,2025-03-12,15:13:19,-04:00,2025-03-12T15:13:19-04:00,0,31
static/global.js,54,js,fa853f36,esmitch,2025-03-12,15:13:19,-04:00,2025-03-12T15:13:19-04:00,0,10
static/global.js,55,js,fa853f36,esmitch,2025-03-12,15:13:19,-04:00,2025-03-12T15:13:19-04:00,0,12
static/global.js,56,js,fa853f36,esmitch,2025-03-12,15:13:19,-04:00,2025-03-12T15:13:19-04:00,0,50
static/global.js,57,js,fa853f36,esmitch,2025-03-12,15:13:19,-04:00,2025-03-12T15:13:19-04:00,0,50
static/global.js,58,js,fa853f36,esmitch,2025-03-12,15:13:19,-04:00,2025-03-12T15:13:19-04:00,0,48
static/global.js,59,js,fa853f36,esmitch,2025-03-12,15:13:19,-04:00,2025-03-12T15:13:19-04:00,0,13
static/global.js,60,js,fa853f36,esmitch,2025-03-12,15:13:19,-04:00,2025-03-12T15:13:19-04:00,0,12
static/global.js,61,js,fa853f36,esmitch,2025-03-12,15:13:19,-04:00,2025-03-12T15:13:19-04:00,0,4
static/global.js,62,js,25af2628,esmitch,2025-03-05,14:18:56,-05:00,2025-03-05T14:18:56-05:00,0,0
static/global.js,63,js,fa853f36,esmitch,2025-03-12,15:13:19,-04:00,2025-03-12T15:13:19-04:00,0,48
static/global.js,64,js,25af2628,esmitch,2025-03-05,14:18:56,-05:00,2025-03-05T14:18:56-05:00,0,0
static/global.js,65,js,fa853f36,esmitch,2025-03-12,15:13:19,-04:00,2025-03-12T15:13:19-04:00,0,53
static/global.js,66,js,fa853f36,esmitch,2025-03-12,15:13:19,-04:00,2025-03-12T15:13:19-04:00,0,62
static/global.js,67,js,fa853f36,esmitch,2025-03-12,15:13:19,-04:00,2025-03-12T15:13:19-04:00,0,85
static/global.js,68,js,fa853f36,esmitch,2025-03-12,15:13:19,-04:00,2025-03-12T15:13:19-04:00,0,52
static/global.js,69,js,fa853f36,esmitch,2025-03-12,15:13:19,-04:00,2025-03-12T15:13:19-04:00,0,5
static/global.js,70,js,25af2628,esmitch,2025-03-05,14:18:56,-05:00,2025-03-05T14:18:56-05:00,0,0
static/global.js,71,js,fa853f36,esmitch,2025-03-12,15:13:19,-04:00,2025-03-12T15:13:19-04:00,0,0
static/global.js,72,js,fa853f36,esmitch,2025-03-12,15:13:19,-04:00,2025-03-12T15:13:19-04:00,0,33
static/global.js,73,js,fa853f36,esmitch,2025-03-12,15:13:19,-04:00,2025-03-12T15:13:19-04:00,0,88
static/global.js,74,js,fa853f36,esmitch,2025-03-12,15:13:19,-04:00,2025-03-12T15:13:19-04:00,0,43
static/global.js,75,js,fa853f36,esmitch,2025-03-12,15:13:19,-04:00,2025-03-12T15:13:19-04:00,0,3
src/app.html,1,html,2a0191e,esmitch,2025-03-05,13:29:40,-05:00,2025-03-05T13:29:40-05:00,0,14
src/app.html,2,html,2a0191e,esmitch,2025-03-05,13:29:40,-05:00,2025-03-05T13:29:40-05:00,0,15
src/app.html,3,html,2a0191e,esmitch,2025-03-05,13:29:40,-05:00,2025-03-05T13:29:40-05:00,1,5
src/app.html,4,html,25af2628,esmitch,2025-03-05,14:18:56,-05:00,2025-03-05T14:18:56-05:00,2,56
src/app.html,5,html,25af2628,esmitch,2025-03-05,14:18:56,-05:00,2025-03-05T14:18:56-05:00,0,60
src/app.html,6,html,25af2628,esmitch,2025-03-05,14:18:56,-05:00,2025-03-05T14:18:56-05:00,0,65
src/app.html,7,html,25af2628,esmitch,2025-03-05,14:18:56,-05:00,2025-03-05T14:18:56-05:00,2,0
src/app.html,8,html,2a0191e,esmitch,2025-03-05,13:29:40,-05:00,2025-03-05T13:29:40-05:00,2,23
src/app.html,9,html,2a0191e,esmitch,2025-03-05,13:29:40,-05:00,2025-03-05T13:29:40-05:00,2,56
src/app.html,10,html,2a0191e,esmitch,2025-03-05,13:29:40,-05:00,2025-03-05T13:29:40-05:00,2,52
src/app.html,11,html,2a0191e,esmitch,2025-03-05,13:29:40,-05:00,2025-03-05T13:29:40-05:00,2,15
src/app.html,12,html,2a0191e,esmitch,2025-03-05,13:29:40,-05:00,2025-03-05T13:29:40-05:00,1,6
src/app.html,13,html,2a0191e,esmitch,2025-03-05,13:29:40,-05:00,2025-03-05T13:29:40-05:00,1,41
src/app.html,14,html,2a0191e,esmitch,2025-03-05,13:29:40,-05:00,2025-03-05T13:29:40-05:00,2,52
src/app.html,15,html,2a0191e,esmitch,2025-03-05,13:29:40,-05:00,2025-03-05T13:29:40-05:00,1,6
src/app.html,16,html,2a0191e,esmitch,2025-03-05,13:29:40,-05:00,2025-03-05T13:29:40-05:00,0,6
src/routes/+page.svelte,1,svelte,2a224e80,esmitch,2025-03-05,15:04:12,-05:00,2025-03-05T15:04:12-05:00,0,7
src/routes/+page.svelte,2,js,2a224e80,esmitch,2025-03-05,15:04:12,-05:00,2025-03-05T15:04:12-05:00,0,41
src/routes/+page.svelte,3,js,2a224e80,esmitch,2025-03-05,15:04:12,-05:00,2025-03-05T15:04:12-05:00,0,41
src/routes/+page.svelte,4,svelte,2a224e80,esmitch,2025-03-05,15:04:12,-05:00,2025-03-05T15:04:12-05:00,0,8
src/routes/+page.svelte,5,svelte,2a224e80,esmitch,2025-03-05,15:04:12,-05:00,2025-03-05T15:04:12-05:00,0,0
src/routes/+page.svelte,6,svelte,25af2628,esmitch,2025-03-05,14:18:56,-05:00,2025-03-05T14:18:56-05:00,0,12
src/routes/+page.svelte,7,svelte,25af2628,esmitch,2025-03-05,14:18:56,-05:00,2025-03-05T14:18:56-05:00,0,33
src/routes/+page.svelte,8,svelte,25af2628,esmitch,2025-03-05,14:18:56,-05:00,2025-03-05T14:18:56-05:00,0,13
src/routes/+page.svelte,9,svelte,25af2628,esmitch,2025-03-05,14:18:56,-05:00,2025-03-05T14:18:56-05:00,0,0
src/routes/+page.svelte,10,svelte,25af2628,esmitch,2025-03-05,14:18:56,-05:00,2025-03-05T14:18:56-05:00,0,5
src/routes/+page.svelte,11,svelte,25af2628,esmitch,2025-03-05,14:18:56,-05:00,2025-03-05T14:18:56-05:00,0,17
src/routes/+page.svelte,12,svelte,25af2628,esmitch,2025-03-05,14:18:56,-05:00,2025-03-05T14:18:56-05:00,0,21
src/routes/+page.svelte,13,svelte,25af2628,esmitch,2025-03-05,14:18:56,-05:00,2025-03-05T14:18:56-05:00,0,0
src/routes/+page.svelte,14,svelte,25af2628,esmitch,2025-03-05,14:18:56,-05:00,2025-03-05T14:18:56-05:00,0,174
src/routes/+page.svelte,15,svelte,25af2628,esmitch,2025-03-05,14:18:56,-05:00,2025-03-05T14:18:56-05:00,0,0
src/routes/+page.svelte,16,svelte,29ee6934,esmitch,2025-03-12,15:46:52,-04:00,2025-03-12T15:46:52-04:00,0,80
src/routes/+page.svelte,17,svelte,25af2628,esmitch,2025-03-05,14:18:56,-05:00,2025-03-05T14:18:56-05:00,0,5
src/routes/+page.svelte,18,svelte,2a224e80,esmitch,2025-03-05,15:04:12,-05:00,2025-03-05T15:04:12-05:00,0,0
src/routes/+page.svelte,19,svelte,fa853f36,esmitch,2025-03-12,15:13:19,-04:00,2025-03-12T15:13:19-04:00,0,24
src/routes/+page.svelte,20,svelte,fa853f36,esmitch,2025-03-12,15:13:19,-04:00,2025-03-12T15:13:19-04:00,0,0
src/routes/+page.svelte,21,svelte,fa853f36,esmitch,2025-03-12,15:13:19,-04:00,2025-03-12T15:13:19-04:00,0,0
src/routes/+page.svelte,22,svelte,fa853f36,esmitch,2025-03-12,15:13:19,-04:00,2025-03-12T15:13:19-04:00,0,54
src/routes/+page.svelte,23,svelte,fa853f36,esmitch,2025-03-12,15:13:19,-04:00,2025-03-12T15:13:19-04:00,0,16
src/routes/+page.svelte,24,svelte,fa853f36,esmitch,2025-03-12,15:13:19,-04:00,2025-03-12T15:13:19-04:00,0,15
src/routes/+page.svelte,25,svelte,fa853f36,esmitch,2025-03-12,15:13:19,-04:00,2025-03-12T15:13:19-04:00,0,23
src/routes/+page.svelte,26,svelte,fa853f36,esmitch,2025-03-12,15:13:19,-04:00,2025-03-12T15:13:19-04:00,0,17
src/routes/+page.svelte,27,svelte,fa853f36,esmitch,2025-03-12,15:13:19,-04:00,2025-03-12T15:13:19-04:00,0,11
src/routes/+page.svelte,28,svelte,fa853f36,esmitch,2025-03-12,15:13:19,-04:00,2025-03-12T15:13:19-04:00,0,8
src/routes/+page.svelte,29,svelte,fa853f36,esmitch,2025-03-12,15:13:19,-04:00,2025-03-12T15:13:19-04:00,0,3
src/routes/+page.svelte,30,svelte,fa853f36,esmitch,2025-03-12,15:13:19,-04:00,2025-03-12T15:13:19-04:00,0,18
src/routes/+page.svelte,31,svelte,fa853f36,esmitch,2025-03-12,15:13:19,-04:00,2025-03-12T15:13:19-04:00,0,24
src/routes/+page.svelte,32,svelte,fa853f36,esmitch,2025-03-12,15:13:19,-04:00,2025-03-12T15:13:19-04:00,0,18
src/routes/+page.svelte,33,svelte,fa853f36,esmitch,2025-03-12,15:13:19,-04:00,2025-03-12T15:13:19-04:00,0,24
src/routes/+page.svelte,34,svelte,fa853f36,esmitch,2025-03-12,15:13:19,-04:00,2025-03-12T15:13:19-04:00,0,28
src/routes/+page.svelte,35,svelte,fa853f36,esmitch,2025-03-12,15:13:19,-04:00,2025-03-12T15:13:19-04:00,0,27
src/routes/+page.svelte,36,svelte,fa853f36,esmitch,2025-03-12,15:13:19,-04:00,2025-03-12T15:13:19-04:00,0,4
src/routes/+page.svelte,37,svelte,fa853f36,esmitch,2025-03-12,15:13:19,-04:00,2025-03-12T15:13:19-04:00,0,9
src/routes/+page.svelte,38,svelte,fa853f36,esmitch,2025-03-12,15:13:19,-04:00,2025-03-12T15:13:19-04:00,0,13
src/routes/+page.svelte,39,svelte,fa853f36,esmitch,2025-03-12,15:13:19,-04:00,2025-03-12T15:13:19-04:00,0,57
src/routes/+page.svelte,40,svelte,fa853f36,esmitch,2025-03-12,15:13:19,-04:00,2025-03-12T15:13:19-04:00,0,7
src/routes/+page.svelte,41,svelte,fa853f36,esmitch,2025-03-12,15:13:19,-04:00,2025-03-12T15:13:19-04:00,0,13
src/routes/+page.svelte,42,svelte,fa853f36,esmitch,2025-03-12,15:13:19,-04:00,2025-03-12T15:13:19-04:00,0,57
src/routes/+page.svelte,43,svelte,fa853f36,esmitch,2025-03-12,15:13:19,-04:00,2025-03-12T15:13:19-04:00,0,7
src/routes/+page.svelte,44,svelte,fa853f36,esmitch,2025-03-12,15:13:19,-04:00,2025-03-12T15:13:19-04:00,0,0
src/routes/+page.svelte,45,svelte,fa853f36,esmitch,2025-03-12,15:13:19,-04:00,2025-03-12T15:13:19-04:00,0,0
src/routes/+page.svelte,46,svelte,fa853f36,esmitch,2025-03-12,15:13:19,-04:00,2025-03-12T15:13:19-04:00,0,0
src/routes/+page.svelte,47,svelte,2a224e80,esmitch,2025-03-05,15:04:12,-05:00,2025-03-05T15:04:12-05:00,0,20
src/routes/+page.svelte,48,svelte,2a224e80,esmitch,2025-03-05,15:04:12,-05:00,2025-03-05T15:04:12-05:00,0,21
src/routes/+page.svelte,49,svelte,2a224e80,esmitch,2025-03-05,15:04:12,-05:00,2025-03-05T15:04:12-05:00,0,32
src/routes/+page.svelte,50,svelte,2a224e80,esmitch,2025-03-05,15:04:12,-05:00,2025-03-05T15:04:12-05:00,0,30
src/routes/+page.svelte,51,svelte,2a224e80,esmitch,2025-03-05,15:04:12,-05:00,2025-03-05T15:04:12-05:00,0,6
src/routes/+page.svelte,52,svelte,2a224e80,esmitch,2025-03-05,15:04:12,-05:00,2025-03-05T15:04:12-05:00,0,5
src/routes/+page.svelte,53,svelte,2a224e80,esmitch,2025-03-05,15:04:12,-05:00,2025-03-05T15:04:12-05:00,0,0
src/routes/+page.svelte,54,svelte,fa853f36,esmitch,2025-03-12,15:13:19,-04:00,2025-03-12T15:13:19-04:00,0,6
src/routes/+page.svelte,55,svelte,fa853f36,esmitch,2025-03-12,15:13:19,-04:00,2025-03-12T15:13:19-04:00,0,0
src/routes/+page.svelte,56,svelte,fa853f36,esmitch,2025-03-12,15:13:19,-04:00,2025-03-12T15:13:19-04:00,0,6
src/routes/+page.svelte,57,css,fa853f36,esmitch,2025-03-12,15:13:19,-04:00,2025-03-12T15:13:19-04:00,0,3
src/routes/+page.svelte,58,css,fa853f36,esmitch,2025-03-12,15:13:19,-04:00,2025-03-12T15:13:19-04:00,0,13
src/routes/+page.svelte,59,css,fa853f36,esmitch,2025-03-12,15:13:19,-04:00,2025-03-12T15:13:19-04:00,0,34
src/routes/+page.svelte,60,css,fa853f36,esmitch,2025-03-12,15:13:19,-04:00,2025-03-12T15:13:19-04:00,0,12
src/routes/+page.svelte,61,css,fa853f36,esmitch,2025-03-12,15:13:19,-04:00,2025-03-12T15:13:19-04:00,0,20
src/routes/+page.svelte,62,css,fa853f36,esmitch,2025-03-12,15:13:19,-04:00,2025-03-12T15:13:19-04:00,0,0
src/routes/+page.svelte,63,css,fa853f36,esmitch,2025-03-12,15:13:19,-04:00,2025-03-12T15:13:19-04:00,0,0
src/routes/+page.svelte,64,css,fa853f36,esmitch,2025-03-12,15:13:19,-04:00,2025-03-12T15:13:19-04:00,0,3
src/routes/+page.svelte,65,css,fa853f36,esmitch,2025-03-12,15:13:19,-04:00,2025-03-12T15:13:19-04:00,0,11
src/routes/+page.svelte,66,css,fa853f36,esmitch,2025-03-12,15:13:19,-04:00,2025-03-12T15:13:19-04:00,0,13
src/routes/+page.svelte,67,css,fa853f36,esmitch,2025-03-12,15:13:19,-04:00,2025-03-12T15:13:19-04:00,0,17
src/routes/+page.svelte,68,css,fa853f36,esmitch,2025-03-12,15:13:19,-04:00,2025-03-12T15:13:19-04:00,0,11
src/routes/+page.svelte,69,css,fa853f36,esmitch,2025-03-12,15:13:19,-04:00,2025-03-12T15:13:19-04:00,0,16
src/routes/+page.svelte,70,css,fa853f36,esmitch,2025-03-12,15:13:19,-04:00,2025-03-12T15:13:19-04:00,0,0
src/routes/+page.svelte,71,css,fa853f36,esmitch,2025-03-12,15:13:19,-04:00,2025-03-12T15:13:19-04:00,0,0
src/routes/+page.svelte,72,css,fa853f36,esmitch,2025-03-12,15:13:19,-04:00,2025-03-12T15:13:19-04:00,0,3
src/routes/+page.svelte,73,css,fa853f36,esmitch,2025-03-12,15:13:19,-04:00,2025-03-12T15:13:19-04:00,0,11
src/routes/+page.svelte,74,css,fa853f36,esmitch,2025-03-12,15:13:19,-04:00,2025-03-12T15:13:19-04:00,0,13
src/routes/+page.svelte,75,css,fa853f36,esmitch,2025-03-12,15:13:19,-04:00,2025-03-12T15:13:19-04:00,0,17
src/routes/+page.svelte,76,css,fa853f36,esmitch,2025-03-12,15:13:19,-04:00,2025-03-12T15:13:19-04:00,0,15
src/routes/+page.svelte,77,css,fa853f36,esmitch,2025-03-12,15:13:19,-04:00,2025-03-12T15:13:19-04:00,0,16
src/routes/+page.svelte,78,css,fa853f36,esmitch,2025-03-12,15:13:19,-04:00,2025-03-12T15:13:19-04:00,0,8
src/routes/+page.svelte,79,css,fa853f36,esmitch,2025-03-12,15:13:19,-04:00,2025-03-12T15:13:19-04:00,0,9
src/routes/+page.svelte,80,css,fa853f36,esmitch,2025-03-12,15:13:19,-04:00,2025-03-12T15:13:19-04:00,0,0
src/routes/+page.svelte,81,css,fa853f36,esmitch,2025-03-12,15:13:19,-04:00,2025-03-12T15:13:19-04:00,0,0
src/routes/+page.svelte,82,svelte,fa853f36,esmitch,2025-03-12,15:13:19,-04:00,2025-03-12T15:13:19-04:00,0,7
src/routes/+layout.svelte,1,svelte,fa853f36,esmitch,2025-03-12,15:13:19,-04:00,2025-03-12T15:13:19-04:00,0,7
src/routes/+layout.svelte,2,js,fa853f36,esmitch,2025-03-12,15:13:19,-04:00,2025-03-12T15:13:19-04:00,0,0
src/routes/+layout.svelte,3,js,fa853f36,esmitch,2025-03-12,15:13:19,-04:00,2025-03-12T15:13:19-04:00,0,34
src/routes/+layout.svelte,4,js,fa853f36,esmitch,2025-03-12,15:13:19,-04:00,2025-03-12T15:13:19-04:00,0,0
src/routes/+layout.svelte,5,js,fa853f36,esmitch,2025-03-12,15:13:19,-04:00,2025-03-12T15:13:19-04:00,0,12
src/routes/+layout.svelte,6,js,fa853f36,esmitch,2025-03-12,15:13:19,-04:00,2025-03-12T15:13:19-04:00,0,28
src/routes/+layout.svelte,7,js,fa853f36,esmitch,2025-03-12,15:13:19,-04:00,2025-03-12T15:13:19-04:00,0,40
src/routes/+layout.svelte,8,js,fa853f36,esmitch,2025-03-12,15:13:19,-04:00,2025-03-12T15:13:19-04:00,0,38
src/routes/+layout.svelte,9,js,c7c8ae62,esmitch,2025-04-24,01:13:12,-04:00,2025-04-24T01:13:12-04:00,0,32
src/routes/+layout.svelte,10,js,fa853f36,esmitch,2025-03-12,15:13:19,-04:00,2025-03-12T15:13:19-04:00,0,67
src/routes/+layout.svelte,11,js,fa853f36,esmitch,2025-03-12,15:13:19,-04:00,2025-03-12T15:13:19-04:00,0,33
src/routes/+layout.svelte,12,js,fa853f36,esmitch,2025-03-12,15:13:19,-04:00,2025-03-12T15:13:19-04:00,0,1
src/routes/+layout.svelte,13,js,fa853f36,esmitch,2025-03-12,15:13:19,-04:00,2025-03-12T15:13:19-04:00,0,0
src/routes/+layout.svelte,14,js,fa853f36,esmitch,2025-03-12,15:13:19,-04:00,2025-03-12T15:13:19-04:00,0,48
src/routes/+layout.svelte,15,js,fa853f36,esmitch,2025-03-12,15:13:19,-04:00,2025-03-12T15:13:19-04:00,0,0
src/routes/+layout.svelte,16,js,fa853f36,esmitch,2025-03-12,15:13:19,-04:00,2025-03-12T15:13:19-04:00,0,58
src/routes/+layout.svelte,17,js,fa853f36,esmitch,2025-03-12,15:13:19,-04:00,2025-03-12T15:13:19-04:00,0,48
src/routes/+layout.svelte,18,js,fa853f36,esmitch,2025-03-12,15:13:19,-04:00,2025-03-12T15:13:19-04:00,0,55
src/routes/+layout.svelte,19,js,fa853f36,esmitch,2025-03-12,15:13:19,-04:00,2025-03-12T15:13:19-04:00,0,0
src/routes/+layout.svelte,20,js,fa853f36,esmitch,2025-03-12,15:13:19,-04:00,2025-03-12T15:13:19-04:00,0,41
src/routes/+layout.svelte,21,js,fa853f36,esmitch,2025-03-12,15:13:19,-04:00,2025-03-12T15:13:19-04:00,0,0
src/routes/+layout.svelte,22,js,fa853f36,esmitch,2025-03-12,15:13:19,-04:00,2025-03-12T15:13:19-04:00,0,0
src/routes/+layout.svelte,23,js,fa853f36,esmitch,2025-03-12,15:13:19,-04:00,2025-03-12T15:13:19-04:00,0,0
src/routes/+layout.svelte,24,svelte,fa853f36,esmitch,2025-03-12,15:13:19,-04:00,2025-03-12T15:13:19-04:00,0,8
src/routes/+layout.svelte,25,svelte,fa853f36,esmitch,2025-03-12,15:13:19,-04:00,2025-03-12T15:13:19-04:00,0,0
src/routes/+layout.svelte,26,svelte,fa853f36,esmitch,2025-03-12,15:13:19,-04:00,2025-03-12T15:13:19-04:00,0,4
src/routes/+layout.svelte,27,svelte,fa853f36,esmitch,2025-03-12,15:13:19,-04:00,2025-03-12T15:13:19-04:00,0,17
src/routes/+layout.svelte,28,svelte,fa853f36,esmitch,2025-03-12,15:13:19,-04:00,2025-03-12T15:13:19-04:00,0,14
src/routes/+layout.svelte,29,svelte,fa853f36,esmitch,2025-03-12,15:13:19,-04:00,2025-03-12T15:13:19-04:00,0,45
src/routes/+layout.svelte,30,svelte,fa853f36,esmitch,2025-03-12,15:13:19,-04:00,2025-03-12T15:13:19-04:00,0,50
src/routes/+layout.svelte,31,svelte,fa853f36,esmitch,2025-03-12,15:13:19,-04:00,2025-03-12T15:13:19-04:00,0,0
src/routes/+layout.svelte,32,svelte,fa853f36,esmitch,2025-03-12,15:13:19,-04:00,2025-03-12T15:13:19-04:00,0,8
src/routes/+layout.svelte,33,svelte,fa853f36,esmitch,2025-03-12,15:13:19,-04:00,2025-03-12T15:13:19-04:00,0,3
src/routes/+layout.svelte,34,svelte,fa853f36,esmitch,2025-03-12,15:13:19,-04:00,2025-03-12T15:13:19-04:00,0,0
src/routes/+layout.svelte,35,svelte,fa853f36,esmitch,2025-03-12,15:13:19,-04:00,2025-03-12T15:13:19-04:00,0,6
src/routes/+layout.svelte,36,svelte,fa853f36,esmitch,2025-03-12,15:13:19,-04:00,2025-03-12T15:13:19-04:00,0,5
src/routes/+layout.svelte,37,svelte,fa853f36,esmitch,2025-03-12,15:13:19,-04:00,2025-03-12T15:13:19-04:00,0,0
src/routes/+layout.svelte,38,svelte,fa853f36,esmitch,2025-03-12,15:13:19,-04:00,2025-03-12T15:13:19-04:00,0,27
src/routes/+layout.svelte,39,svelte,fa853f36,esmitch,2025-03-12,15:13:19,-04:00,2025-03-12T15:13:19-04:00,0,5
src/routes/+layout.svelte,40,svelte,fa853f36,esmitch,2025-03-12,15:13:19,-04:00,2025-03-12T15:13:19-04:00,0,34
src/routes/+layout.svelte,41,svelte,fa853f36,esmitch,2025-03-12,15:13:19,-04:00,2025-03-12T15:13:19-04:00,0,44
src/routes/+layout.svelte,42,svelte,fa853f36,esmitch,2025-03-12,15:13:19,-04:00,2025-03-12T15:13:19-04:00,0,35
src/routes/+layout.svelte,43,svelte,fa853f36,esmitch,2025-03-12,15:13:19,-04:00,2025-03-12T15:13:19-04:00,0,33
src/routes/+layout.svelte,44,svelte,fa853f36,esmitch,2025-03-12,15:13:19,-04:00,2025-03-12T15:13:19-04:00,0,8
src/routes/+layout.svelte,45,svelte,fa853f36,esmitch,2025-03-12,15:13:19,-04:00,2025-03-12T15:13:19-04:00,0,7
src/routes/+layout.svelte,46,svelte,fa853f36,esmitch,2025-03-12,15:13:19,-04:00,2025-03-12T15:13:19-04:00,0,0
src/routes/+layout.svelte,47,svelte,fa853f36,esmitch,2025-03-12,15:13:19,-04:00,2025-03-12T15:13:19-04:00,0,0
src/routes/+layout.svelte,48,svelte,fa853f36,esmitch,2025-03-12,15:13:19,-04:00,2025-03-12T15:13:19-04:00,0,0
src/routes/+layout.svelte,49,svelte,fa853f36,esmitch,2025-03-12,15:13:19,-04:00,2025-03-12T15:13:19-04:00,0,7
src/routes/+layout.svelte,50,svelte,fa853f36,esmitch,2025-03-12,15:13:19,-04:00,2025-03-12T15:13:19-04:00,0,0
src/routes/+layout.svelte,51,svelte,fa853f36,esmitch,2025-03-12,15:13:19,-04:00,2025-03-12T15:13:19-04:00,0,6
src/routes/+layout.svelte,52,css,fa853f36,esmitch,2025-03-12,15:13:19,-04:00,2025-03-12T15:13:19-04:00,0,4
src/routes/+layout.svelte,53,css,fa853f36,esmitch,2025-03-12,15:13:19,-04:00,2025-03-12T15:13:19-04:00,0,13
src/routes/+layout.svelte,54,css,fa853f36,esmitch,2025-03-12,15:13:19,-04:00,2025-03-12T15:13:19-04:00,0,17
src/routes/+layout.svelte,55,css,fa853f36,esmitch,2025-03-12,15:13:19,-04:00,2025-03-12T15:13:19-04:00,0,24
src/routes/+layout.svelte,56,css,fa853f36,esmitch,2025-03-12,15:13:19,-04:00,2025-03-12T15:13:19-04:00,0,26
src/routes/+layout.svelte,57,css,fa853f36,esmitch,2025-03-12,15:13:19,-04:00,2025-03-12T15:13:19-04:00,0,40
src/routes/+layout.svelte,58,css,fa853f36,esmitch,2025-03-12,15:13:19,-04:00,2025-03-12T15:13:19-04:00,0,40
src/routes/+layout.svelte,59,css,fa853f36,esmitch,2025-03-12,15:13:19,-04:00,2025-03-12T15:13:19-04:00,0,0
src/routes/+layout.svelte,60,css,fa853f36,esmitch,2025-03-12,15:13:19,-04:00,2025-03-12T15:13:19-04:00,0,0
src/routes/+layout.svelte,61,css,fa853f36,esmitch,2025-03-12,15:13:19,-04:00,2025-03-12T15:13:19-04:00,0,6
src/routes/+layout.svelte,62,css,fa853f36,esmitch,2025-03-12,15:13:19,-04:00,2025-03-12T15:13:19-04:00,0,8
src/routes/+layout.svelte,63,css,fa853f36,esmitch,2025-03-12,15:13:19,-04:00,2025-03-12T15:13:19-04:00,0,21
src/routes/+layout.svelte,64,css,fa853f36,esmitch,2025-03-12,15:13:19,-04:00,2025-03-12T15:13:19-04:00,0,14
src/routes/+layout.svelte,65,css,fa853f36,esmitch,2025-03-12,15:13:19,-04:00,2025-03-12T15:13:19-04:00,0,18
src/routes/+layout.svelte,66,css,fa853f36,esmitch,2025-03-12,15:13:19,-04:00,2025-03-12T15:13:19-04:00,0,14
src/routes/+layout.svelte,67,css,fa853f36,esmitch,2025-03-12,15:13:19,-04:00,2025-03-12T15:13:19-04:00,0,0
src/routes/+layout.svelte,68,css,fa853f36,esmitch,2025-03-12,15:13:19,-04:00,2025-03-12T15:13:19-04:00,0,0
src/routes/+layout.svelte,69,css,fa853f36,esmitch,2025-03-12,15:13:19,-04:00,2025-03-12T15:13:19-04:00,0,12
src/routes/+layout.svelte,70,css,fa853f36,esmitch,2025-03-12,15:13:19,-04:00,2025-03-12T15:13:19-04:00,0,26
src/routes/+layout.svelte,71,css,fa853f36,esmitch,2025-03-12,15:13:19,-04:00,2025-03-12T15:13:19-04:00,0,26
src/routes/+layout.svelte,72,css,fa853f36,esmitch,2025-03-12,15:13:19,-04:00,2025-03-12T15:13:19-04:00,0,40
src/routes/+layout.svelte,73,css,fa853f36,esmitch,2025-03-12,15:13:19,-04:00,2025-03-12T15:13:19-04:00,0,61
src/routes/+layout.svelte,74,css,fa853f36,esmitch,2025-03-12,15:13:19,-04:00,2025-03-12T15:13:19-04:00,0,70
src/routes/+layout.svelte,75,css,fa853f36,esmitch,2025-03-12,15:13:19,-04:00,2025-03-12T15:13:19-04:00,0,0
src/routes/+layout.svelte,76,css,fa853f36,esmitch,2025-03-12,15:13:19,-04:00,2025-03-12T15:13:19-04:00,0,0
src/routes/+layout.svelte,77,css,fa853f36,esmitch,2025-03-12,15:13:19,-04:00,2025-03-12T15:13:19-04:00,0,9
src/routes/+layout.svelte,78,css,fa853f36,esmitch,2025-03-12,15:13:19,-04:00,2025-03-12T15:13:19-04:00,0,13
src/routes/+layout.svelte,79,css,fa853f36,esmitch,2025-03-12,15:13:19,-04:00,2025-03-12T15:13:19-04:00,0,31
src/routes/+layout.svelte,80,css,fa853f36,esmitch,2025-03-12,15:13:19,-04:00,2025-03-12T15:13:19-04:00,0,8
src/routes/+layout.svelte,81,css,fa853f36,esmitch,2025-03-12,15:13:19,-04:00,2025-03-12T15:13:19-04:00,0,13
src/routes/+layout.svelte,82,css,fa853f36,esmitch,2025-03-12,15:13:19,-04:00,2025-03-12T15:13:19-04:00,0,0
src/routes/+layout.svelte,83,css,fa853f36,esmitch,2025-03-12,15:13:19,-04:00,2025-03-12T15:13:19-04:00,0,0
src/routes/+layout.svelte,84,css,fa853f36,esmitch,2025-03-12,15:13:19,-04:00,2025-03-12T15:13:19-04:00,0,10
src/routes/+layout.svelte,85,css,fa853f36,esmitch,2025-03-12,15:13:19,-04:00,2025-03-12T15:13:19-04:00,0,13
src/routes/+layout.svelte,86,css,fa853f36,esmitch,2025-03-12,15:13:19,-04:00,2025-03-12T15:13:19-04:00,0,30
src/routes/+layout.svelte,87,css,fa853f36,esmitch,2025-03-12,15:13:19,-04:00,2025-03-12T15:13:19-04:00,0,19
src/routes/+layout.svelte,88,css,fa853f36,esmitch,2025-03-12,15:13:19,-04:00,2025-03-12T15:13:19-04:00,0,13
src/routes/+layout.svelte,89,css,fa853f36,esmitch,2025-03-12,15:13:19,-04:00,2025-03-12T15:13:19-04:00,0,0
src/routes/+layout.svelte,90,css,fa853f36,esmitch,2025-03-12,15:13:19,-04:00,2025-03-12T15:13:19-04:00,0,0
src/routes/+layout.svelte,91,css,fa853f36,esmitch,2025-03-12,15:13:19,-04:00,2025-03-12T15:13:19-04:00,0,11
src/routes/+layout.svelte,92,css,fa853f36,esmitch,2025-03-12,15:13:19,-04:00,2025-03-12T15:13:19-04:00,0,19
src/routes/+layout.svelte,93,css,fa853f36,esmitch,2025-03-12,15:13:19,-04:00,2025-03-12T15:13:19-04:00,0,13
src/routes/+layout.svelte,94,css,fa853f36,esmitch,2025-03-12,15:13:19,-04:00,2025-03-12T15:13:19-04:00,0,0
src/routes/+layout.svelte,95,css,fa853f36,esmitch,2025-03-12,15:13:19,-04:00,2025-03-12T15:13:19-04:00,0,0
src/routes/+layout.svelte,96,css,fa853f36,esmitch,2025-03-12,15:13:19,-04:00,2025-03-12T15:13:19-04:00,0,9
src/routes/+layout.svelte,97,css,fa853f36,esmitch,2025-03-12,15:13:19,-04:00,2025-03-12T15:13:19-04:00,0,13
src/routes/+layout.svelte,98,css,fa853f36,esmitch,2025-03-12,15:13:19,-04:00,2025-03-12T15:13:19-04:00,0,0
src/routes/+layout.svelte,99,css,fa853f36,esmitch,2025-03-12,15:13:19,-04:00,2025-03-12T15:13:19-04:00,0,0
src/routes/+layout.svelte,100,css,fa853f36,esmitch,2025-03-12,15:13:19,-04:00,2025-03-12T15:13:19-04:00,0,12
src/routes/+layout.svelte,101,css,fa853f36,esmitch,2025-03-12,15:13:19,-04:00,2025-03-12T15:13:19-04:00,0,13
src/routes/+layout.svelte,102,css,fa853f36,esmitch,2025-03-12,15:13:19,-04:00,2025-03-12T15:13:19-04:00,0,0
src/routes/+layout.svelte,103,css,fa853f36,esmitch,2025-03-12,15:13:19,-04:00,2025-03-12T15:13:19-04:00,0,0
src/routes/+layout.svelte,104,css,fa853f36,esmitch,2025-03-12,15:13:19,-04:00,2025-03-12T15:13:19-04:00,0,13
src/routes/+layout.svelte,105,css,fa853f36,esmitch,2025-03-12,15:13:19,-04:00,2025-03-12T15:13:19-04:00,0,18
src/routes/+layout.svelte,106,css,fa853f36,esmitch,2025-03-12,15:13:19,-04:00,2025-03-12T15:13:19-04:00,0,9
src/routes/+layout.svelte,107,css,fa853f36,esmitch,2025-03-12,15:13:19,-04:00,2025-03-12T15:13:19-04:00,0,11
src/routes/+layout.svelte,108,css,fa853f36,esmitch,2025-03-12,15:13:19,-04:00,2025-03-12T15:13:19-04:00,0,20
src/routes/+layout.svelte,109,css,fa853f36,esmitch,2025-03-12,15:13:19,-04:00,2025-03-12T15:13:19-04:00,0,8
src/routes/+layout.svelte,110,css,fa853f36,esmitch,2025-03-12,15:13:19,-04:00,2025-03-12T15:13:19-04:00,0,13
src/routes/+layout.svelte,111,css,fa853f36,esmitch,2025-03-12,15:13:19,-04:00,2025-03-12T15:13:19-04:00,0,13
src/routes/+layout.svelte,112,css,fa853f36,esmitch,2025-03-12,15:13:19,-04:00,2025-03-12T15:13:19-04:00,0,0
src/routes/+layout.svelte,113,css,fa853f36,esmitch,2025-03-12,15:13:19,-04:00,2025-03-12T15:13:19-04:00,0,0
src/routes/+layout.svelte,114,svelte,fa853f36,esmitch,2025-03-12,15:13:19,-04:00,2025-03-12T15:13:19-04:00,0,7
src/routes/resume/+page.svelte,1,svelte,25af2628,esmitch,2025-03-05,14:18:56,-05:00,2025-03-05T14:18:56-05:00,0,12
src/routes/resume/+page.svelte,2,svelte,25af2628,esmitch,2025-03-05,14:18:56,-05:00,2025-03-05T14:18:56-05:00,0,35
src/routes/resume/+page.svelte,3,svelte,25af2628,esmitch,2025-03-05,14:18:56,-05:00,2025-03-05T14:18:56-05:00,0,13
src/routes/resume/+page.svelte,4,svelte,25af2628,esmitch,2025-03-05,14:18:56,-05:00,2025-03-05T14:18:56-05:00,0,0
src/routes/resume/+page.svelte,5,svelte,25af2628,esmitch,2025-03-05,14:18:56,-05:00,2025-03-05T14:18:56-05:00,0,14
src/routes/resume/+page.svelte,6,svelte,25af2628,esmitch,2025-03-05,14:18:56,-05:00,2025-03-05T14:18:56-05:00,0,0
src/routes/resume/+page.svelte,7,svelte,25af2628,esmitch,2025-03-05,14:18:56,-05:00,2025-03-05T14:18:56-05:00,0,8
src/routes/resume/+page.svelte,8,svelte,25af2628,esmitch,2025-03-05,14:18:56,-05:00,2025-03-05T14:18:56-05:00,0,21
src/routes/resume/+page.svelte,9,svelte,25af2628,esmitch,2025-03-05,14:18:56,-05:00,2025-03-05T14:18:56-05:00,0,43
src/routes/resume/+page.svelte,10,svelte,25af2628,esmitch,2025-03-05,14:18:56,-05:00,2025-03-05T14:18:56-05:00,0,23
src/routes/resume/+page.svelte,11,svelte,25af2628,esmitch,2025-03-05,14:18:56,-05:00,2025-03-05T14:18:56-05:00,0,9
src/routes/resume/+page.svelte,12,svelte,25af2628,esmitch,2025-03-05,14:18:56,-05:00,2025-03-05T14:18:56-05:00,0,0
src/routes/resume/+page.svelte,13,svelte,25af2628,esmitch,2025-03-05,14:18:56,-05:00,2025-03-05T14:18:56-05:00,0,8
src/routes/resume/+page.svelte,14,svelte,25af2628,esmitch,2025-03-05,14:18:56,-05:00,2025-03-05T14:18:56-05:00,0,18
src/routes/resume/+page.svelte,15,svelte,25af2628,esmitch,2025-03-05,14:18:56,-05:00,2025-03-05T14:18:56-05:00,0,9
src/routes/resume/+page.svelte,16,svelte,25af2628,esmitch,2025-03-05,14:18:56,-05:00,2025-03-05T14:18:56-05:00,0,0
src/routes/resume/+page.svelte,17,svelte,25af2628,esmitch,2025-03-05,14:18:56,-05:00,2025-03-05T14:18:56-05:00,0,23
src/routes/resume/+page.svelte,18,svelte,25af2628,esmitch,2025-03-05,14:18:56,-05:00,2025-03-05T14:18:56-05:00,0,48
src/routes/resume/+page.svelte,19,svelte,25af2628,esmitch,2025-03-05,14:18:56,-05:00,2025-03-05T14:18:56-05:00,0,39
src/routes/resume/+page.svelte,20,svelte,25af2628,esmitch,2025-03-05,14:18:56,-05:00,2025-03-05T14:18:56-05:00,0,45
src/routes/resume/+page.svelte,21,svelte,25af2628,esmitch,2025-03-05,14:18:56,-05:00,2025-03-05T14:18:56-05:00,0,3
src/routes/resume/+page.svelte,22,svelte,25af2628,esmitch,2025-03-05,14:18:56,-05:00,2025-03-05T14:18:56-05:00,0,3
src/routes/resume/+page.svelte,23,svelte,25af2628,esmitch,2025-03-05,14:18:56,-05:00,2025-03-05T14:18:56-05:00,0,182
src/routes/resume/+page.svelte,24,svelte,25af2628,esmitch,2025-03-05,14:18:56,-05:00,2025-03-05T14:18:56-05:00,0,4
src/routes/resume/+page.svelte,25,svelte,25af2628,esmitch,2025-03-05,14:18:56,-05:00,2025-03-05T14:18:56-05:00,0,3
src/routes/resume/+page.svelte,26,svelte,25af2628,esmitch,2025-03-05,14:18:56,-05:00,2025-03-05T14:18:56-05:00,0,212
src/routes/resume/+page.svelte,27,svelte,25af2628,esmitch,2025-03-05,14:18:56,-05:00,2025-03-05T14:18:56-05:00,0,4
src/routes/resume/+page.svelte,28,svelte,25af2628,esmitch,2025-03-05,14:18:56,-05:00,2025-03-05T14:18:56-05:00,0,3
src/routes/resume/+page.svelte,29,svelte,25af2628,esmitch,2025-03-05,14:18:56,-05:00,2025-03-05T14:18:56-05:00,0,185
src/routes/resume/+page.svelte,30,svelte,25af2628,esmitch,2025-03-05,14:18:56,-05:00,2025-03-05T14:18:56-05:00,0,4
src/routes/resume/+page.svelte,31,svelte,25af2628,esmitch,2025-03-05,14:18:56,-05:00,2025-03-05T14:18:56-05:00,0,3
src/routes/resume/+page.svelte,32,svelte,25af2628,esmitch,2025-03-05,14:18:56,-05:00,2025-03-05T14:18:56-05:00,0,191
src/routes/resume/+page.svelte,33,svelte,25af2628,esmitch,2025-03-05,14:18:56,-05:00,2025-03-05T14:18:56-05:00,0,4
src/routes/resume/+page.svelte,34,svelte,25af2628,esmitch,2025-03-05,14:18:56,-05:00,2025-03-05T14:18:56-05:00,0,4
src/routes/resume/+page.svelte,35,svelte,25af2628,esmitch,2025-03-05,14:18:56,-05:00,2025-03-05T14:18:56-05:00,0,5
src/routes/resume/+page.svelte,36,svelte,25af2628,esmitch,2025-03-05,14:18:56,-05:00,2025-03-05T14:18:56-05:00,0,0
src/routes/resume/+page.svelte,37,svelte,25af2628,esmitch,2025-03-05,14:18:56,-05:00,2025-03-05T14:18:56-05:00,0,23
src/routes/resume/+page.svelte,38,svelte,25af2628,esmitch,2025-03-05,14:18:56,-05:00,2025-03-05T14:18:56-05:00,0,86
src/routes/resume/+page.svelte,39,svelte,25af2628,esmitch,2025-03-05,14:18:56,-05:00,2025-03-05T14:18:56-05:00,0,40
src/routes/resume/+page.svelte,40,svelte,25af2628,esmitch,2025-03-05,14:18:56,-05:00,2025-03-05T14:18:56-05:00,0,48
src/routes/resume/+page.svelte,41,svelte,25af2628,esmitch,2025-03-05,14:18:56,-05:00,2025-03-05T14:18:56-05:00,0,3
src/routes/resume/+page.svelte,42,svelte,25af2628,esmitch,2025-03-05,14:18:56,-05:00,2025-03-05T14:18:56-05:00,0,3
src/routes/resume/+page.svelte,43,svelte,25af2628,esmitch,2025-03-05,14:18:56,-05:00,2025-03-05T14:18:56-05:00,0,117
src/routes/resume/+page.svelte,44,svelte,25af2628,esmitch,2025-03-05,14:18:56,-05:00,2025-03-05T14:18:56-05:00,0,4
src/routes/resume/+page.svelte,45,svelte,25af2628,esmitch,2025-03-05,14:18:56,-05:00,2025-03-05T14:18:56-05:00,0,3
src/routes/resume/+page.svelte,46,svelte,25af2628,esmitch,2025-03-05,14:18:56,-05:00,2025-03-05T14:18:56-05:00,0,172
src/routes/resume/+page.svelte,47,svelte,25af2628,esmitch,2025-03-05,14:18:56,-05:00,2025-03-05T14:18:56-05:00,0,4
src/routes/resume/+page.svelte,48,svelte,25af2628,esmitch,2025-03-05,14:18:56,-05:00,2025-03-05T14:18:56-05:00,0,3
src/routes/resume/+page.svelte,49,svelte,25af2628,esmitch,2025-03-05,14:18:56,-05:00,2025-03-05T14:18:56-05:00,0,173
src/routes/resume/+page.svelte,50,svelte,25af2628,esmitch,2025-03-05,14:18:56,-05:00,2025-03-05T14:18:56-05:00,0,4
src/routes/resume/+page.svelte,51,svelte,25af2628,esmitch,2025-03-05,14:18:56,-05:00,2025-03-05T14:18:56-05:00,0,4
src/routes/resume/+page.svelte,52,svelte,25af2628,esmitch,2025-03-05,14:18:56,-05:00,2025-03-05T14:18:56-05:00,0,5
src/routes/resume/+page.svelte,53,svelte,25af2628,esmitch,2025-03-05,14:18:56,-05:00,2025-03-05T14:18:56-05:00,0,0
src/routes/resume/+page.svelte,54,svelte,25af2628,esmitch,2025-03-05,14:18:56,-05:00,2025-03-05T14:18:56-05:00,0,23
src/routes/resume/+page.svelte,55,svelte,25af2628,esmitch,2025-03-05,14:18:56,-05:00,2025-03-05T14:18:56-05:00,0,86
src/routes/resume/+page.svelte,56,svelte,25af2628,esmitch,2025-03-05,14:18:56,-05:00,2025-03-05T14:18:56-05:00,0,40
src/routes/resume/+page.svelte,57,svelte,25af2628,esmitch,2025-03-05,14:18:56,-05:00,2025-03-05T14:18:56-05:00,0,45
src/routes/resume/+page.svelte,58,svelte,25af2628,esmitch,2025-03-05,14:18:56,-05:00,2025-03-05T14:18:56-05:00,0,3
src/routes/resume/+page.svelte,59,svelte,25af2628,esmitch,2025-03-05,14:18:56,-05:00,2025-03-05T14:18:56-05:00,0,3
src/routes/resume/+page.svelte,60,svelte,25af2628,esmitch,2025-03-05,14:18:56,-05:00,2025-03-05T14:18:56-05:00,0,142
src/routes/resume/+page.svelte,61,svelte,25af2628,esmitch,2025-03-05,14:18:56,-05:00,2025-03-05T14:18:56-05:00,0,4
src/routes/resume/+page.svelte,62,svelte,25af2628,esmitch,2025-03-05,14:18:56,-05:00,2025-03-05T14:18:56-05:00,0,3
src/routes/resume/+page.svelte,63,svelte,25af2628,esmitch,2025-03-05,14:18:56,-05:00,2025-03-05T14:18:56-05:00,0,186
src/routes/resume/+page.svelte,64,svelte,25af2628,esmitch,2025-03-05,14:18:56,-05:00,2025-03-05T14:18:56-05:00,0,4
src/routes/resume/+page.svelte,65,svelte,25af2628,esmitch,2025-03-05,14:18:56,-05:00,2025-03-05T14:18:56-05:00,0,3
src/routes/resume/+page.svelte,66,svelte,25af2628,esmitch,2025-03-05,14:18:56,-05:00,2025-03-05T14:18:56-05:00,0,92
src/routes/resume/+page.svelte,67,svelte,25af2628,esmitch,2025-03-05,14:18:56,-05:00,2025-03-05T14:18:56-05:00,0,4
src/routes/resume/+page.svelte,68,svelte,25af2628,esmitch,2025-03-05,14:18:56,-05:00,2025-03-05T14:18:56-05:00,0,4
src/routes/resume/+page.svelte,69,svelte,25af2628,esmitch,2025-03-05,14:18:56,-05:00,2025-03-05T14:18:56-05:00,0,5
src/routes/resume/+page.svelte,70,svelte,25af2628,esmitch,2025-03-05,14:18:56,-05:00,2025-03-05T14:18:56-05:00,0,0
src/routes/resume/+page.svelte,71,svelte,25af2628,esmitch,2025-03-05,14:18:56,-05:00,2025-03-05T14:18:56-05:00,0,0
src/routes/resume/+page.svelte,72,svelte,25af2628,esmitch,2025-03-05,14:18:56,-05:00,2025-03-05T14:18:56-05:00,0,23
src/routes/resume/+page.svelte,73,svelte,25af2628,esmitch,2025-03-05,14:18:56,-05:00,2025-03-05T14:18:56-05:00,0,72
src/routes/resume/+page.svelte,74,svelte,25af2628,esmitch,2025-03-05,14:18:56,-05:00,2025-03-05T14:18:56-05:00,0,51
src/routes/resume/+page.svelte,75,svelte,25af2628,esmitch,2025-03-05,14:18:56,-05:00,2025-03-05T14:18:56-05:00,0,51
src/routes/resume/+page.svelte,76,svelte,25af2628,esmitch,2025-03-05,14:18:56,-05:00,2025-03-05T14:18:56-05:00,0,3
src/routes/resume/+page.svelte,77,svelte,25af2628,esmitch,2025-03-05,14:18:56,-05:00,2025-03-05T14:18:56-05:00,0,3
src/routes/resume/+page.svelte,78,svelte,25af2628,esmitch,2025-03-05,14:18:56,-05:00,2025-03-05T14:18:56-05:00,0,227
src/routes/resume/+page.svelte,79,svelte,25af2628,esmitch,2025-03-05,14:18:56,-05:00,2025-03-05T14:18:56-05:00,0,4
src/routes/resume/+page.svelte,80,svelte,25af2628,esmitch,2025-03-05,14:18:56,-05:00,2025-03-05T14:18:56-05:00,0,3
src/routes/resume/+page.svelte,81,svelte,25af2628,esmitch,2025-03-05,14:18:56,-05:00,2025-03-05T14:18:56-05:00,0,183
src/routes/resume/+page.svelte,82,svelte,25af2628,esmitch,2025-03-05,14:18:56,-05:00,2025-03-05T14:18:56-05:00,0,4
src/routes/resume/+page.svelte,83,svelte,25af2628,esmitch,2025-03-05,14:18:56,-05:00,2025-03-05T14:18:56-05:00,0,3
src/routes/resume/+page.svelte,84,svelte,25af2628,esmitch,2025-03-05,14:18:56,-05:00,2025-03-05T14:18:56-05:00,0,82
src/routes/resume/+page.svelte,85,svelte,25af2628,esmitch,2025-03-05,14:18:56,-05:00,2025-03-05T14:18:56-05:00,0,4
src/routes/resume/+page.svelte,86,svelte,25af2628,esmitch,2025-03-05,14:18:56,-05:00,2025-03-05T14:18:56-05:00,0,4
src/routes/resume/+page.svelte,87,svelte,25af2628,esmitch,2025-03-05,14:18:56,-05:00,2025-03-05T14:18:56-05:00,0,5
src/routes/resume/+page.svelte,88,svelte,25af2628,esmitch,2025-03-05,14:18:56,-05:00,2025-03-05T14:18:56-05:00,0,0
src/routes/resume/+page.svelte,89,svelte,25af2628,esmitch,2025-03-05,14:18:56,-05:00,2025-03-05T14:18:56-05:00,0,8
src/routes/resume/+page.svelte,90,svelte,25af2628,esmitch,2025-03-05,14:18:56,-05:00,2025-03-05T14:18:56-05:00,0,17
src/routes/resume/+page.svelte,91,svelte,25af2628,esmitch,2025-03-05,14:18:56,-05:00,2025-03-05T14:18:56-05:00,0,44
src/routes/resume/+page.svelte,92,svelte,25af2628,esmitch,2025-03-05,14:18:56,-05:00,2025-03-05T14:18:56-05:00,0,9
src/routes/resume/+page.svelte,93,svelte,25af2628,esmitch,2025-03-05,14:18:56,-05:00,2025-03-05T14:18:56-05:00,0,0
src/routes/resume/+page.svelte,94,svelte,25af2628,esmitch,2025-03-05,14:18:56,-05:00,2025-03-05T14:18:56-05:00,0,8
src/routes/resume/+page.svelte,95,svelte,25af2628,esmitch,2025-03-05,14:18:56,-05:00,2025-03-05T14:18:56-05:00,0,3
src/routes/resume/+page.svelte,96,svelte,25af2628,esmitch,2025-03-05,14:18:56,-05:00,2025-03-05T14:18:56-05:00,0,100
src/routes/resume/+page.svelte,97,svelte,25af2628,esmitch,2025-03-05,14:18:56,-05:00,2025-03-05T14:18:56-05:00,0,38
src/routes/resume/+page.svelte,98,svelte,25af2628,esmitch,2025-03-05,14:18:56,-05:00,2025-03-05T14:18:56-05:00,0,37
src/routes/resume/+page.svelte,99,svelte,25af2628,esmitch,2025-03-05,14:18:56,-05:00,2025-03-05T14:18:56-05:00,0,29
src/routes/resume/+page.svelte,100,svelte,25af2628,esmitch,2025-03-05,14:18:56,-05:00,2025-03-05T14:18:56-05:00,0,4
src/routes/resume/+page.svelte,101,svelte,25af2628,esmitch,2025-03-05,14:18:56,-05:00,2025-03-05T14:18:56-05:00,0,9
src/routes/resume/+page.svelte,102,svelte,25af2628,esmitch,2025-03-05,14:18:56,-05:00,2025-03-05T14:18:56-05:00,0,0
src/routes/resume/+page.svelte,103,svelte,25af2628,esmitch,2025-03-05,14:18:56,-05:00,2025-03-05T14:18:56-05:00,0,8
src/routes/resume/+page.svelte,104,svelte,25af2628,esmitch,2025-03-05,14:18:56,-05:00,2025-03-05T14:18:56-05:00,0,14
src/routes/resume/+page.svelte,105,svelte,25af2628,esmitch,2025-03-05,14:18:56,-05:00,2025-03-05T14:18:56-05:00,0,9
src/routes/resume/+page.svelte,106,svelte,25af2628,esmitch,2025-03-05,14:18:56,-05:00,2025-03-05T14:18:56-05:00,0,8
src/routes/resume/+page.svelte,107,svelte,25af2628,esmitch,2025-03-05,14:18:56,-05:00,2025-03-05T14:18:56-05:00,0,3
src/routes/resume/+page.svelte,108,svelte,25af2628,esmitch,2025-03-05,14:18:56,-05:00,2025-03-05T14:18:56-05:00,0,63
src/routes/resume/+page.svelte,109,svelte,25af2628,esmitch,2025-03-05,14:18:56,-05:00,2025-03-05T14:18:56-05:00,0,121
src/routes/resume/+page.svelte,110,svelte,25af2628,esmitch,2025-03-05,14:18:56,-05:00,2025-03-05T14:18:56-05:00,0,128
src/routes/resume/+page.svelte,111,svelte,25af2628,esmitch,2025-03-05,14:18:56,-05:00,2025-03-05T14:18:56-05:00,0,4
src/routes/resume/+page.svelte,112,svelte,25af2628,esmitch,2025-03-05,14:18:56,-05:00,2025-03-05T14:18:56-05:00,0,9
src/routes/resume/+page.svelte,113,svelte,25af2628,esmitch,2025-03-05,14:18:56,-05:00,2025-03-05T14:18:56-05:00,0,0
src/routes/resume/+page.svelte,114,svelte,25af2628,esmitch,2025-03-05,14:18:56,-05:00,2025-03-05T14:18:56-05:00,0,8
src/routes/resume/+page.svelte,115,svelte,25af2628,esmitch,2025-03-05,14:18:56,-05:00,2025-03-05T14:18:56-05:00,0,20
src/routes/resume/+page.svelte,116,svelte,25af2628,esmitch,2025-03-05,14:18:56,-05:00,2025-03-05T14:18:56-05:00,0,9
src/routes/resume/+page.svelte,117,svelte,25af2628,esmitch,2025-03-05,14:18:56,-05:00,2025-03-05T14:18:56-05:00,0,0
src/routes/resume/+page.svelte,118,svelte,25af2628,esmitch,2025-03-05,14:18:56,-05:00,2025-03-05T14:18:56-05:00,0,8
src/routes/resume/+page.svelte,119,svelte,25af2628,esmitch,2025-03-05,14:18:56,-05:00,2025-03-05T14:18:56-05:00,0,3
src/routes/resume/+page.svelte,120,svelte,25af2628,esmitch,2025-03-05,14:18:56,-05:00,2025-03-05T14:18:56-05:00,0,3
src/routes/resume/+page.svelte,121,svelte,25af2628,esmitch,2025-03-05,14:18:56,-05:00,2025-03-05T14:18:56-05:00,0,46
src/routes/resume/+page.svelte,122,svelte,25af2628,esmitch,2025-03-05,14:18:56,-05:00,2025-03-05T14:18:56-05:00,0,161
src/routes/resume/+page.svelte,123,svelte,25af2628,esmitch,2025-03-05,14:18:56,-05:00,2025-03-05T14:18:56-05:00,0,55
src/routes/resume/+page.svelte,124,svelte,25af2628,esmitch,2025-03-05,14:18:56,-05:00,2025-03-05T14:18:56-05:00,0,4
src/routes/resume/+page.svelte,125,svelte,25af2628,esmitch,2025-03-05,14:18:56,-05:00,2025-03-05T14:18:56-05:00,0,3
src/routes/resume/+page.svelte,126,svelte,25af2628,esmitch,2025-03-05,14:18:56,-05:00,2025-03-05T14:18:56-05:00,0,203
src/routes/resume/+page.svelte,127,svelte,25af2628,esmitch,2025-03-05,14:18:56,-05:00,2025-03-05T14:18:56-05:00,0,4
src/routes/resume/+page.svelte,128,svelte,25af2628,esmitch,2025-03-05,14:18:56,-05:00,2025-03-05T14:18:56-05:00,0,3
src/routes/resume/+page.svelte,129,svelte,25af2628,esmitch,2025-03-05,14:18:56,-05:00,2025-03-05T14:18:56-05:00,0,203
src/routes/resume/+page.svelte,130,svelte,25af2628,esmitch,2025-03-05,14:18:56,-05:00,2025-03-05T14:18:56-05:00,0,4
src/routes/resume/+page.svelte,131,svelte,25af2628,esmitch,2025-03-05,14:18:56,-05:00,2025-03-05T14:18:56-05:00,0,3
src/routes/resume/+page.svelte,132,svelte,25af2628,esmitch,2025-03-05,14:18:56,-05:00,2025-03-05T14:18:56-05:00,0,98
src/routes/resume/+page.svelte,133,svelte,25af2628,esmitch,2025-03-05,14:18:56,-05:00,2025-03-05T14:18:56-05:00,0,155
src/routes/resume/+page.svelte,134,svelte,25af2628,esmitch,2025-03-05,14:18:56,-05:00,2025-03-05T14:18:56-05:00,0,49
src/routes/resume/+page.svelte,135,svelte,25af2628,esmitch,2025-03-05,14:18:56,-05:00,2025-03-05T14:18:56-05:00,0,4
src/routes/resume/+page.svelte,136,svelte,25af2628,esmitch,2025-03-05,14:18:56,-05:00,2025-03-05T14:18:56-05:00,0,3
src/routes/resume/+page.svelte,137,svelte,25af2628,esmitch,2025-03-05,14:18:56,-05:00,2025-03-05T14:18:56-05:00,0,46
src/routes/resume/+page.svelte,138,svelte,25af2628,esmitch,2025-03-05,14:18:56,-05:00,2025-03-05T14:18:56-05:00,0,137
src/routes/resume/+page.svelte,139,svelte,25af2628,esmitch,2025-03-05,14:18:56,-05:00,2025-03-05T14:18:56-05:00,0,44
src/routes/resume/+page.svelte,140,svelte,25af2628,esmitch,2025-03-05,14:18:56,-05:00,2025-03-05T14:18:56-05:00,0,4
src/routes/resume/+page.svelte,141,svelte,25af2628,esmitch,2025-03-05,14:18:56,-05:00,2025-03-05T14:18:56-05:00,0,3
src/routes/resume/+page.svelte,142,svelte,25af2628,esmitch,2025-03-05,14:18:56,-05:00,2025-03-05T14:18:56-05:00,0,181
src/routes/resume/+page.svelte,143,svelte,25af2628,esmitch,2025-03-05,14:18:56,-05:00,2025-03-05T14:18:56-05:00,0,4
src/routes/resume/+page.svelte,144,svelte,25af2628,esmitch,2025-03-05,14:18:56,-05:00,2025-03-05T14:18:56-05:00,0,3
src/routes/resume/+page.svelte,145,svelte,25af2628,esmitch,2025-03-05,14:18:56,-05:00,2025-03-05T14:18:56-05:00,0,87
src/routes/resume/+page.svelte,146,svelte,25af2628,esmitch,2025-03-05,14:18:56,-05:00,2025-03-05T14:18:56-05:00,0,149
src/routes/resume/+page.svelte,147,svelte,25af2628,esmitch,2025-03-05,14:18:56,-05:00,2025-03-05T14:18:56-05:00,0,43
src/routes/resume/+page.svelte,148,svelte,25af2628,esmitch,2025-03-05,14:18:56,-05:00,2025-03-05T14:18:56-05:00,0,4
src/routes/resume/+page.svelte,149,svelte,25af2628,esmitch,2025-03-05,14:18:56,-05:00,2025-03-05T14:18:56-05:00,0,4
src/routes/resume/+page.svelte,150,svelte,25af2628,esmitch,2025-03-05,14:18:56,-05:00,2025-03-05T14:18:56-05:00,0,9
src/routes/projects/+page.svelte,1,svelte,2a224e80,esmitch,2025-03-05,15:04:12,-05:00,2025-03-05T15:04:12-05:00,0,7
src/routes/projects/+page.svelte,2,js,2a224e80,esmitch,2025-03-05,15:04:12,-05:00,2025-03-05T15:04:12-05:00,0,41
src/routes/projects/+page.svelte,3,js,2a224e80,esmitch,2025-03-05,15:04:12,-05:00,2025-03-05T15:04:12-05:00,0,41
src/routes/projects/+page.svelte,4,js,c7c8ae62,esmitch,2025-04-24,01:13:12,-04:00,2025-04-24T01:13:12-04:00,0,0
src/routes/projects/+page.svelte,5,js,c7c8ae62,esmitch,2025-04-24,01:13:12,-04:00,2025-04-24T01:13:12-04:00,0,38
src/routes/projects/+page.svelte,6,js,c7c8ae62,esmitch,2025-04-24,01:13:12,-04:00,2025-04-24T01:13:12-04:00,0,24
src/routes/projects/+page.svelte,7,js,c7c8ae62,esmitch,2025-04-24,01:13:12,-04:00,2025-04-24T01:13:12-04:00,0,0
src/routes/projects/+page.svelte,8,js,c7c8ae62,esmitch,2025-04-24,01:13:12,-04:00,2025-04-24T01:13:12-04:00,0,68
src/routes/projects/+page.svelte,9,js,c7c8ae62,esmitch,2025-04-24,01:13:12,-04:00,2025-04-24T01:13:12-04:00,0,0
src/routes/projects/+page.svelte,10,js,c7c8ae62,esmitch,2025-04-24,01:13:12,-04:00,2025-04-24T01:13:12-04:00,0,51
src/routes/projects/+page.svelte,11,js,c7c8ae62,esmitch,2025-04-24,01:13:12,-04:00,2025-04-24T01:13:12-04:00,0,43
src/routes/projects/+page.svelte,12,js,c7c8ae62,esmitch,2025-04-24,01:13:12,-04:00,2025-04-24T01:13:12-04:00,0,5
src/routes/projects/+page.svelte,13,js,c7c8ae62,esmitch,2025-04-24,01:13:12,-04:00,2025-04-24T01:13:12-04:00,0,0
src/routes/projects/+page.svelte,14,js,c7c8ae62,esmitch,2025-04-24,01:13:12,-04:00,2025-04-24T01:13:12-04:00,0,11
src/routes/projects/+page.svelte,15,js,c7c8ae62,esmitch,2025-04-24,01:13:12,-04:00,2025-04-24T01:13:12-04:00,0,0
src/routes/projects/+page.svelte,16,js,c7c8ae62,esmitch,2025-04-24,01:13:12,-04:00,2025-04-24T01:13:12-04:00,0,3
src/routes/projects/+page.svelte,17,js,c7c8ae62,esmitch,2025-04-24,01:13:12,-04:00,2025-04-24T01:13:12-04:00,0,52
src/routes/projects/+page.svelte,18,js,c7c8ae62,esmitch,2025-04-24,01:13:12,-04:00,2025-04-24T01:13:12-04:00,0,12
src/routes/projects/+page.svelte,19,js,c7c8ae62,esmitch,2025-04-24,01:13:12,-04:00,2025-04-24T01:13:12-04:00,0,0
src/routes/projects/+page.svelte,20,js,c7c8ae62,esmitch,2025-04-24,01:13:12,-04:00,2025-04-24T01:13:12-04:00,0,65
src/routes/projects/+page.svelte,21,js,c7c8ae62,esmitch,2025-04-24,01:13:12,-04:00,2025-04-24T01:13:12-04:00,0,73
src/routes/projects/+page.svelte,22,js,c7c8ae62,esmitch,2025-04-24,01:13:12,-04:00,2025-04-24T01:13:12-04:00,0,0
src/routes/projects/+page.svelte,23,js,c7c8ae62,esmitch,2025-04-24,01:13:12,-04:00,2025-04-24T01:13:12-04:00,0,62
src/routes/projects/+page.svelte,24,js,c7c8ae62,esmitch,2025-04-24,01:13:12,-04:00,2025-04-24T01:13:12-04:00,0,44
src/routes/projects/+page.svelte,25,js,c7c8ae62,esmitch,2025-04-24,01:13:12,-04:00,2025-04-24T01:13:12-04:00,0,36
src/routes/projects/+page.svelte,26,js,c7c8ae62,esmitch,2025-04-24,01:13:12,-04:00,2025-04-24T01:13:12-04:00,0,2
src/routes/projects/+page.svelte,27,js,c7c8ae62,esmitch,2025-04-24,01:13:12,-04:00,2025-04-24T01:13:12-04:00,0,0
src/routes/projects/+page.svelte,28,js,c7c8ae62,esmitch,2025-04-24,01:13:12,-04:00,2025-04-24T01:13:12-04:00,0,0
src/routes/projects/+page.svelte,29,js,c7c8ae62,esmitch,2025-04-24,01:13:12,-04:00,2025-04-24T01:13:12-04:00,0,0
src/routes/projects/+page.svelte,30,js,c7c8ae62,esmitch,2025-04-24,01:13:12,-04:00,2025-04-24T01:13:12-04:00,0,14
src/routes/projects/+page.svelte,31,js,c7c8ae62,esmitch,2025-04-24,01:13:12,-04:00,2025-04-24T01:13:12-04:00,0,0
src/routes/projects/+page.svelte,32,js,c7c8ae62,esmitch,2025-04-24,01:13:12,-04:00,2025-04-24T01:13:12-04:00,0,49
src/routes/projects/+page.svelte,33,js,c7c8ae62,esmitch,2025-04-24,01:13:12,-04:00,2025-04-24T01:13:12-04:00,0,60
src/routes/projects/+page.svelte,34,js,c7c8ae62,esmitch,2025-04-24,01:13:12,-04:00,2025-04-24T01:13:12-04:00,0,43
src/routes/projects/+page.svelte,35,js,c7c8ae62,esmitch,2025-04-24,01:13:12,-04:00,2025-04-24T01:13:12-04:00,0,2
src/routes/projects/+page.svelte,36,js,c7c8ae62,esmitch,2025-04-24,01:13:12,-04:00,2025-04-24T01:13:12-04:00,0,0
src/routes/projects/+page.svelte,37,js,c7c8ae62,esmitch,2025-04-24,01:13:12,-04:00,2025-04-24T01:13:12-04:00,0,0
src/routes/projects/+page.svelte,38,js,c7c8ae62,esmitch,2025-04-24,01:13:12,-04:00,2025-04-24T01:13:12-04:00,0,26
src/routes/projects/+page.svelte,39,js,c7c8ae62,esmitch,2025-04-24,01:13:12,-04:00,2025-04-24T01:13:12-04:00,0,16
src/routes/projects/+page.svelte,40,js,c7c8ae62,esmitch,2025-04-24,01:13:12,-04:00,2025-04-24T01:13:12-04:00,0,82
src/routes/projects/+page.svelte,41,js,c7c8ae62,esmitch,2025-04-24,01:13:12,-04:00,2025-04-24T01:13:12-04:00,0,0
src/routes/projects/+page.svelte,42,js,c7c8ae62,esmitch,2025-04-24,01:13:12,-04:00,2025-04-24T01:13:12-04:00,0,55
src/routes/projects/+page.svelte,43,js,c7c8ae62,esmitch,2025-04-24,01:13:12,-04:00,2025-04-24T01:13:12-04:00,0,18
src/routes/projects/+page.svelte,44,js,c7c8ae62,esmitch,2025-04-24,01:13:12,-04:00,2025-04-24T01:13:12-04:00,0,36
src/routes/projects/+page.svelte,45,js,c7c8ae62,esmitch,2025-04-24,01:13:12,-04:00,2025-04-24T01:13:12-04:00,0,0
src/routes/projects/+page.svelte,46,js,c7c8ae62,esmitch,2025-04-24,01:13:12,-04:00,2025-04-24T01:13:12-04:00,0,0
src/routes/projects/+page.svelte,47,js,c7c8ae62,esmitch,2025-04-24,01:13:12,-04:00,2025-04-24T01:13:12-04:00,0,11
src/routes/projects/+page.svelte,48,js,c7c8ae62,esmitch,2025-04-24,01:13:12,-04:00,2025-04-24T01:13:12-04:00,0,2
src/routes/projects/+page.svelte,49,js,c7c8ae62,esmitch,2025-04-24,01:13:12,-04:00,2025-04-24T01:13:12-04:00,0,0
src/routes/projects/+page.svelte,50,js,c7c8ae62,esmitch,2025-04-24,01:13:12,-04:00,2025-04-24T01:13:12-04:00,0,0
src/routes/projects/+page.svelte,51,js,c7c8ae62,esmitch,2025-04-24,01:13:12,-04:00,2025-04-24T01:13:12-04:00,0,0
src/routes/projects/+page.svelte,52,js,c7c8ae62,esmitch,2025-04-24,01:13:12,-04:00,2025-04-24T01:13:12-04:00,0,0
src/routes/projects/+page.svelte,53,js,c7c8ae62,esmitch,2025-04-24,01:13:12,-04:00,2025-04-24T01:13:12-04:00,0,0
src/routes/projects/+page.svelte,54,svelte,2a224e80,esmitch,2025-03-05,15:04:12,-05:00,2025-03-05T15:04:12-05:00,0,8
src/routes/projects/+page.svelte,55,svelte,2a224e80,esmitch,2025-03-05,15:04:12,-05:00,2025-03-05T15:04:12-05:00,0,0
src/routes/projects/+page.svelte,56,svelte,25af2628,esmitch,2025-03-05,14:18:56,-05:00,2025-03-05T14:18:56-05:00,0,12
src/routes/projects/+page.svelte,57,svelte,25af2628,esmitch,2025-03-05,14:18:56,-05:00,2025-03-05T14:18:56-05:00,0,22
src/routes/projects/+page.svelte,58,svelte,25af2628,esmitch,2025-03-05,14:18:56,-05:00,2025-03-05T14:18:56-05:00,0,13
src/routes/projects/+page.svelte,59,svelte,25af2628,esmitch,2025-03-05,14:18:56,-05:00,2025-03-05T14:18:56-05:00,0,0
src/routes/projects/+page.svelte,60,svelte,2a224e80,esmitch,2025-03-05,15:04:12,-05:00,2025-03-05T15:04:12-05:00,0,36
src/routes/projects/+page.svelte,61,svelte,25af2628,esmitch,2025-03-05,14:18:56,-05:00,2025-03-05T14:18:56-05:00,0,0
src/routes/projects/+page.svelte,62,svelte,c7c8ae62,esmitch,2025-04-24,01:13:12,-04:00,2025-04-24T01:13:12-04:00,0,60
src/routes/projects/+page.svelte,63,svelte,c7c8ae62,esmitch,2025-04-24,01:13:12,-04:00,2025-04-24T01:13:12-04:00,0,0
src/routes/projects/+page.svelte,64,svelte,c7c8ae62,esmitch,2025-04-24,01:13:12,-04:00,2025-04-24T01:13:12-04:00,0,38
src/routes/projects/+page.svelte,65,svelte,c7c8ae62,esmitch,2025-04-24,01:13:12,-04:00,2025-04-24T01:13:12-04:00,0,64
src/routes/projects/+page.svelte,66,svelte,c7c8ae62,esmitch,2025-04-24,01:13:12,-04:00,2025-04-24T01:13:12-04:00,0,0
src/routes/projects/+page.svelte,67,svelte,c7c8ae62,esmitch,2025-04-24,01:13:12,-04:00,2025-04-24T01:13:12-04:00,0,0
src/routes/projects/+page.svelte,68,svelte,25af2628,esmitch,2025-03-05,14:18:56,-05:00,2025-03-05T14:18:56-05:00,0,21
src/routes/projects/+page.svelte,69,svelte,c7c8ae62,esmitch,2025-04-24,01:13:12,-04:00,2025-04-24T01:13:12-04:00,0,26
src/routes/projects/+page.svelte,70,svelte,2a224e80,esmitch,2025-03-05,15:04:12,-05:00,2025-03-05T15:04:12-05:00,0,19
src/routes/projects/+page.svelte,71,svelte,2a224e80,esmitch,2025-03-05,15:04:12,-05:00,2025-03-05T15:04:12-05:00,0,6
src/routes/projects/+page.svelte,72,svelte,2a224e80,esmitch,2025-03-05,15:04:12,-05:00,2025-03-05T15:04:12-05:00,0,0
src/routes/projects/+page.svelte,73,svelte,c7c8ae62,esmitch,2025-04-24,01:13:12,-04:00,2025-04-24T01:13:12-04:00,0,5
src/routes/projects/+page.svelte,74,svelte,c7c8ae62,esmitch,2025-04-24,01:13:12,-04:00,2025-04-24T01:13:12-04:00,0,0
src/routes/projects/+page.svelte,75,svelte,c7c8ae62,esmitch,2025-04-24,01:13:12,-04:00,2025-04-24T01:13:12-04:00,0,6
src/routes/projects/+page.svelte,76,css,c7c8ae62,esmitch,2025-04-24,01:13:12,-04:00,2025-04-24T01:13:12-04:00,0,5
src/routes/projects/+page.svelte,77,css,c7c8ae62,esmitch,2025-04-24,01:13:12,-04:00,2025-04-24T01:13:12-04:00,0,11
src/routes/projects/+page.svelte,78,css,c7c8ae62,esmitch,2025-04-24,01:13:12,-04:00,2025-04-24T01:13:12-04:00,0,0
src/routes/projects/+page.svelte,79,svelte,c7c8ae62,esmitch,2025-04-24,01:13:12,-04:00,2025-04-24T01:13:12-04:00,0,7
src/routes/meta/+page.svelte,1,svelte,c7c8ae62,esmitch,2025-04-24,01:13:12,-04:00,2025-04-24T01:13:12-04:00,0,12
src/routes/meta/+page.svelte,2,svelte,c7c8ae62,esmitch,2025-04-24,01:13:12,-04:00,2025-04-24T01:13:12-04:00,0,18
src/routes/meta/+page.svelte,3,svelte,c7c8ae62,esmitch,2025-04-24,01:13:12,-04:00,2025-04-24T01:13:12-04:00,0,13
src/routes/meta/+page.svelte,4,svelte,c7c8ae62,esmitch,2025-04-24,01:13:12,-04:00,2025-04-24T01:13:12-04:00,0,0
src/routes/meta/+page.svelte,5,svelte,c7c8ae62,esmitch,2025-04-24,01:13:12,-04:00,2025-04-24T01:13:12-04:00,0,12
src/routes/meta/+page.svelte,6,svelte,c7c8ae62,esmitch,2025-04-24,01:13:12,-04:00,2025-04-24T01:13:12-04:00,0,0
src/routes/meta/+page.svelte,7,svelte,c7c8ae62,esmitch,2025-04-24,01:13:12,-04:00,2025-04-24T01:13:12-04:00,0,29
src/routes/contact/+page.svelte,1,svelte,25af2628,esmitch,2025-03-05,14:18:56,-05:00,2025-03-05T14:18:56-05:00,0,12
src/routes/contact/+page.svelte,2,svelte,25af2628,esmitch,2025-03-05,14:18:56,-05:00,2025-03-05T14:18:56-05:00,0,21
src/routes/contact/+page.svelte,3,svelte,25af2628,esmitch,2025-03-05,14:18:56,-05:00,2025-03-05T14:18:56-05:00,0,13
src/routes/contact/+page.svelte,4,svelte,25af2628,esmitch,2025-03-05,14:18:56,-05:00,2025-03-05T14:18:56-05:00,0,0
src/routes/contact/+page.svelte,5,svelte,25af2628,esmitch,2025-03-05,14:18:56,-05:00,2025-03-05T14:18:56-05:00,0,15
src/routes/contact/+page.svelte,6,svelte,25af2628,esmitch,2025-03-05,14:18:56,-05:00,2025-03-05T14:18:56-05:00,0,0
src/routes/contact/+page.svelte,7,svelte,25af2628,esmitch,2025-03-05,14:18:56,-05:00,2025-03-05T14:18:56-05:00,0,50
src/routes/contact/+page.svelte,8,svelte,25af2628,esmitch,2025-03-05,14:18:56,-05:00,2025-03-05T14:18:56-05:00,0,12
src/routes/contact/+page.svelte,9,svelte,25af2628,esmitch,2025-03-05,14:18:56,-05:00,2025-03-05T14:18:56-05:00,0,32
src/routes/contact/+page.svelte,10,svelte,25af2628,esmitch,2025-03-05,14:18:56,-05:00,2025-03-05T14:18:56-05:00,0,7
src/routes/contact/+page.svelte,11,svelte,25af2628,esmitch,2025-03-05,14:18:56,-05:00,2025-03-05T14:18:56-05:00,0,14
src/routes/contact/+page.svelte,12,svelte,25af2628,esmitch,2025-03-05,14:18:56,-05:00,2025-03-05T14:18:56-05:00,0,21
src/routes/contact/+page.svelte,13,svelte,25af2628,esmitch,2025-03-05,14:18:56,-05:00,2025-03-05T14:18:56-05:00,0,7
src/routes/contact/+page.svelte,14,svelte,25af2628,esmitch,2025-03-05,14:18:56,-05:00,2025-03-05T14:18:56-05:00,0,11
src/routes/contact/+page.svelte,15,svelte,25af2628,esmitch,2025-03-05,14:18:56,-05:00,2025-03-05T14:18:56-05:00,0,32
src/routes/contact/+page.svelte,16,svelte,25af2628,esmitch,2025-03-05,14:18:56,-05:00,2025-03-05T14:18:56-05:00,0,7
src/routes/contact/+page.svelte,17,svelte,25af2628,esmitch,2025-03-05,14:18:56,-05:00,2025-03-05T14:18:56-05:00,0,36
src/routes/contact/+page.svelte,18,svelte,25af2628,esmitch,2025-03-05,14:18:56,-05:00,2025-03-05T14:18:56-05:00,0,6
src/lib/Project.svelte,1,svelte,2a224e80,esmitch,2025-03-05,15:04:12,-05:00,2025-03-05T15:04:12-05:00,0,7
src/lib/Project.svelte,2,js,2a224e80,esmitch,2025-03-05,15:04:12,-05:00,2025-03-05T15:04:12-05:00,0,20
src/lib/Project.svelte,3,js,2a224e80,esmitch,2025-03-05,15:04:12,-05:00,2025-03-05T15:04:12-05:00,0,21
src/lib/Project.svelte,4,svelte,2a224e80,esmitch,2025-03-05,15:04:12,-05:00,2025-03-05T15:04:12-05:00,0,8
src/lib/Project.svelte,5,svelte,2a224e80,esmitch,2025-03-05,15:04:12,-05:00,2025-03-05T15:04:12-05:00,0,0
src/lib/Project.svelte,6,svelte,2a224e80,esmitch,2025-03-05,15:04:12,-05:00,2025-03-05T15:04:12-05:00,0,8
src/lib/Project.svelte,7,svelte,2a224e80,esmitch,2025-03-05,15:04:12,-05:00,2025-03-05T15:04:12-05:00,0,64
src/lib/Project.svelte,8,svelte,2a224e80,esmitch,2025-03-05,15:04:12,-05:00,2025-03-05T15:04:12-05:00,0,28
src/lib/Project.svelte,9,svelte,746c6bef,esmitch,2025-03-20,12:21:00,+01:00,2025-03-20T12:21:00+01:00,0,4
src/lib/Project.svelte,10,svelte,746c6bef,esmitch,2025-03-20,12:21:00,+01:00,2025-03-20T12:21:00+01:00,0,24
src/lib/Project.svelte,11,svelte,746c6bef,esmitch,2025-03-20,12:21:00,+01:00,2025-03-20T12:21:00+01:00,0,34
src/lib/Project.svelte,12,svelte,746c6bef,esmitch,2025-03-20,12:21:00,+01:00,2025-03-20T12:21:00+01:00,0,5
src/lib/Project.svelte,13,svelte,2a224e80,esmitch,2025-03-05,15:04:12,-05:00,2025-03-05T15:04:12-05:00,0,9
src/lib/Project.svelte,14,svelte,2a224e80,esmitch,2025-03-05,15:04:12,-05:00,2025-03-05T15:04:12-05:00,0,0
src/lib/Project.svelte,15,svelte,2a224e80,esmitch,2025-03-05,15:04:12,-05:00,2025-03-05T15:04:12-05:00,0,6
src/lib/Project.svelte,16,css,2a224e80,esmitch,2025-03-05,15:04:12,-05:00,2025-03-05T15:04:12-05:00,0,8
src/lib/Project.svelte,17,css,2a224e80,esmitch,2025-03-05,15:04:12,-05:00,2025-03-05T15:04:12-05:00,0,13
src/lib/Project.svelte,18,css,2a224e80,esmitch,2025-03-05,15:04:12,-05:00,2025-03-05T15:04:12-05:00,0,27
src/lib/Project.svelte,19,css,2a224e80,esmitch,2025-03-05,15:04:12,-05:00,2025-03-05T15:04:12-05:00,0,16
src/lib/Project.svelte,20,css,2a224e80,esmitch,2025-03-05,15:04:12,-05:00,2025-03-05T15:04:12-05:00,0,18
src/lib/Project.svelte,21,css,746c6bef,esmitch,2025-03-20,12:21:00,+01:00,2025-03-20T12:21:00+01:00,0,0
src/lib/Project.svelte,22,css,746c6bef,esmitch,2025-03-20,12:21:00,+01:00,2025-03-20T12:21:00+01:00,0,0
src/lib/Project.svelte,23,css,746c6bef,esmitch,2025-03-20,12:21:00,+01:00,2025-03-20T12:21:00+01:00,0,8
src/lib/Project.svelte,24,css,746c6bef,esmitch,2025-03-20,12:21:00,+01:00,2025-03-20T12:21:00+01:00,0,17
src/lib/Project.svelte,25,css,746c6bef,esmitch,2025-03-20,12:21:00,+01:00,2025-03-20T12:21:00+01:00,0,23
src/lib/Project.svelte,26,css,746c6bef,esmitch,2025-03-20,12:21:00,+01:00,2025-03-20T12:21:00+01:00,0,0
src/lib/Project.svelte,27,svelte,2a224e80,esmitch,2025-03-05,15:04:12,-05:00,2025-03-05T15:04:12-05:00,0,7
src/lib/Pie.svelte,1,svelte,c7c8ae62,esmitch,2025-04-24,01:13:12,-04:00,2025-04-24T01:13:12-04:00,0,7
src/lib/Pie.svelte,2,js,c7c8ae62,esmitch,2025-04-24,01:13:12,-04:00,2025-04-24T01:13:12-04:00,0,24
src/lib/Pie.svelte,3,js,c7c8ae62,esmitch,2025-04-24,01:13:12,-04:00,2025-04-24T01:13:12-04:00,0,58
src/lib/Pie.svelte,4,js,c7c8ae62,esmitch,2025-04-24,01:13:12,-04:00,2025-04-24T01:13:12-04:00,0,26
src/lib/Pie.svelte,5,js,c7c8ae62,esmitch,2025-04-24,01:13:12,-04:00,2025-04-24T01:13:12-04:00,0,20
src/lib/Pie.svelte,6,js,c7c8ae62,esmitch,2025-04-24,01:13:12,-04:00,2025-04-24T01:13:12-04:00,0,27
src/lib/Pie.svelte,7,js,c7c8ae62,esmitch,2025-04-24,01:13:12,-04:00,2025-04-24T01:13:12-04:00,0,5
src/lib/Pie.svelte,8,js,c7c8ae62,esmitch,2025-04-24,01:13:12,-04:00,2025-04-24T01:13:12-04:00,0,0
src/lib/Pie.svelte,9,js,c7c8ae62,esmitch,2025-04-24,01:13:12,-04:00,2025-04-24T01:13:12-04:00,0,14
src/lib/Pie.svelte,10,js,c7c8ae62,esmitch,2025-04-24,01:13:12,-04:00,2025-04-24T01:13:12-04:00,0,36
src/lib/Pie.svelte,11,js,c7c8ae62,esmitch,2025-04-24,01:13:12,-04:00,2025-04-24T01:13:12-04:00,0,37
src/lib/Pie.svelte,12,js,c7c8ae62,esmitch,2025-04-24,01:13:12,-04:00,2025-04-24T01:13:12-04:00,0,36
src/lib/Pie.svelte,13,js,c7c8ae62,esmitch,2025-04-24,01:13:12,-04:00,2025-04-24T01:13:12-04:00,0,35
src/lib/Pie.svelte,14,js,c7c8ae62,esmitch,2025-04-24,01:13:12,-04:00,2025-04-24T01:13:12-04:00,0,35
src/lib/Pie.svelte,15,js,c7c8ae62,esmitch,2025-04-24,01:13:12,-04:00,2025-04-24T01:13:12-04:00,0,37
src/lib/Pie.svelte,16,js,c7c8ae62,esmitch,2025-04-24,01:13:12,-04:00,2025-04-24T01:13:12-04:00,0,4
src/lib/Pie.svelte,17,js,c7c8ae62,esmitch,2025-04-24,01:13:12,-04:00,2025-04-24T01:13:12-04:00,0,0
src/lib/Pie.svelte,18,js,c7c8ae62,esmitch,2025-04-24,01:13:12,-04:00,2025-04-24T01:13:12-04:00,0,20
src/lib/Pie.svelte,19,js,c7c8ae62,esmitch,2025-04-24,01:13:12,-04:00,2025-04-24T01:13:12-04:00,0,0
src/lib/Pie.svelte,20,js,c7c8ae62,esmitch,2025-04-24,01:13:12,-04:00,2025-04-24T01:13:12-04:00,0,49
src/lib/Pie.svelte,21,js,c7c8ae62,esmitch,2025-04-24,01:13:12,-04:00,2025-04-24T01:13:12-04:00,0,0
src/lib/Pie.svelte,22,js,c7c8ae62,esmitch,2025-04-24,01:13:12,-04:00,2025-04-24T01:13:12-04:00,0,52
src/lib/Pie.svelte,23,js,c7c8ae62,esmitch,2025-04-24,01:13:12,-04:00,2025-04-24T01:13:12-04:00,0,11
src/lib/Pie.svelte,24,js,c7c8ae62,esmitch,2025-04-24,01:13:12,-04:00,2025-04-24T01:13:12-04:00,0,8
src/lib/Pie.svelte,25,js,c7c8ae62,esmitch,2025-04-24,01:13:12,-04:00,2025-04-24T01:13:12-04:00,0,0
src/lib/Pie.svelte,26,js,c7c8ae62,esmitch,2025-04-24,01:13:12,-04:00,2025-04-24T01:13:12-04:00,0,3
src/lib/Pie.svelte,27,js,c7c8ae62,esmitch,2025-04-24,01:13:12,-04:00,2025-04-24T01:13:12-04:00,0,103
src/lib/Pie.svelte,28,js,c7c8ae62,esmitch,2025-04-24,01:13:12,-04:00,2025-04-24T01:13:12-04:00,0,30
src/lib/Pie.svelte,29,js,c7c8ae62,esmitch,2025-04-24,01:13:12,-04:00,2025-04-24T01:13:12-04:00,0,40
src/lib/Pie.svelte,30,js,c7c8ae62,esmitch,2025-04-24,01:13:12,-04:00,2025-04-24T01:13:12-04:00,0,0
src/lib/Pie.svelte,31,js,c7c8ae62,esmitch,2025-04-24,01:13:12,-04:00,2025-04-24T01:13:12-04:00,0,0
src/lib/Pie.svelte,32,js,c7c8ae62,esmitch,2025-04-24,01:13:12,-04:00,2025-04-24T01:13:12-04:00,0,37
src/lib/Pie.svelte,33,js,c7c8ae62,esmitch,2025-04-24,01:13:12,-04:00,2025-04-24T01:13:12-04:00,0,47
src/lib/Pie.svelte,34,js,c7c8ae62,esmitch,2025-04-24,01:13:12,-04:00,2025-04-24T01:13:12-04:00,0,0
src/lib/Pie.svelte,35,js,c7c8ae62,esmitch,2025-04-24,01:13:12,-04:00,2025-04-24T01:13:12-04:00,0,48
src/lib/Pie.svelte,36,js,c7c8ae62,esmitch,2025-04-24,01:13:12,-04:00,2025-04-24T01:13:12-04:00,0,0
src/lib/Pie.svelte,37,js,c7c8ae62,esmitch,2025-04-24,01:13:12,-04:00,2025-04-24T01:13:12-04:00,0,29
src/lib/Pie.svelte,38,js,c7c8ae62,esmitch,2025-04-24,01:13:12,-04:00,2025-04-24T01:13:12-04:00,0,0
src/lib/Pie.svelte,39,svelte,c7c8ae62,esmitch,2025-04-24,01:13:12,-04:00,2025-04-24T01:13:12-04:00,0,8
src/lib/Pie.svelte,40,svelte,c7c8ae62,esmitch,2025-04-24,01:13:12,-04:00,2025-04-24T01:13:12-04:00,0,0
src/lib/Pie.svelte,41,svelte,c7c8ae62,esmitch,2025-04-24,01:13:12,-04:00,2025-04-24T01:13:12-04:00,0,22
src/lib/Pie.svelte,42,svelte,c7c8ae62,esmitch,2025-04-24,01:13:12,-04:00,2025-04-24T01:13:12-04:00,0,0
src/lib/Pie.svelte,43,svelte,c7c8ae62,esmitch,2025-04-24,01:13:12,-04:00,2025-04-24T01:13:12-04:00,0,30
src/lib/Pie.svelte,44,svelte,c7c8ae62,esmitch,2025-04-24,01:13:12,-04:00,2025-04-24T01:13:12-04:00,0,25
src/lib/Pie.svelte,45,svelte,c7c8ae62,esmitch,2025-04-24,01:13:12,-04:00,2025-04-24T01:13:12-04:00,0,35
src/lib/Pie.svelte,46,svelte,c7c8ae62,esmitch,2025-04-24,01:13:12,-04:00,2025-04-24T01:13:12-04:00,0,39
src/lib/Pie.svelte,47,svelte,c7c8ae62,esmitch,2025-04-24,01:13:12,-04:00,2025-04-24T01:13:12-04:00,0,70
src/lib/Pie.svelte,48,svelte,c7c8ae62,esmitch,2025-04-24,01:13:12,-04:00,2025-04-24T01:13:12-04:00,0,6
src/lib/Pie.svelte,49,svelte,c7c8ae62,esmitch,2025-04-24,01:13:12,-04:00,2025-04-24T01:13:12-04:00,0,5
src/lib/Pie.svelte,50,svelte,c7c8ae62,esmitch,2025-04-24,01:13:12,-04:00,2025-04-24T01:13:12-04:00,0,0
src/lib/Pie.svelte,51,svelte,c7c8ae62,esmitch,2025-04-24,01:13:12,-04:00,2025-04-24T01:13:12-04:00,0,18
src/lib/Pie.svelte,52,svelte,c7c8ae62,esmitch,2025-04-24,01:13:12,-04:00,2025-04-24T01:13:12-04:00,0,23
src/lib/Pie.svelte,53,svelte,c7c8ae62,esmitch,2025-04-24,01:13:12,-04:00,2025-04-24T01:13:12-04:00,0,79
src/lib/Pie.svelte,54,svelte,c7c8ae62,esmitch,2025-04-24,01:13:12,-04:00,2025-04-24T01:13:12-04:00,0,27
src/lib/Pie.svelte,55,svelte,c7c8ae62,esmitch,2025-04-24,01:13:12,-04:00,2025-04-24T01:13:12-04:00,0,29
src/lib/Pie.svelte,56,svelte,c7c8ae62,esmitch,2025-04-24,01:13:12,-04:00,2025-04-24T01:13:12-04:00,0,4
src/lib/Pie.svelte,57,svelte,c7c8ae62,esmitch,2025-04-24,01:13:12,-04:00,2025-04-24T01:13:12-04:00,0,6
src/lib/Pie.svelte,58,svelte,c7c8ae62,esmitch,2025-04-24,01:13:12,-04:00,2025-04-24T01:13:12-04:00,0,4
src/lib/Pie.svelte,59,svelte,c7c8ae62,esmitch,2025-04-24,01:13:12,-04:00,2025-04-24T01:13:12-04:00,0,0
src/lib/Pie.svelte,60,svelte,c7c8ae62,esmitch,2025-04-24,01:13:12,-04:00,2025-04-24T01:13:12-04:00,0,5
src/lib/Pie.svelte,61,svelte,c7c8ae62,esmitch,2025-04-24,01:13:12,-04:00,2025-04-24T01:13:12-04:00,0,0
src/lib/Pie.svelte,62,svelte,c7c8ae62,esmitch,2025-04-24,01:13:12,-04:00,2025-04-24T01:13:12-04:00,0,6
src/lib/Pie.svelte,63,css,c7c8ae62,esmitch,2025-04-24,01:13:12,-04:00,2025-04-24T01:13:12-04:00,0,0
src/lib/Pie.svelte,64,css,c7c8ae62,esmitch,2025-04-24,01:13:12,-04:00,2025-04-24T01:13:12-04:00,0,22
src/lib/Pie.svelte,65,css,c7c8ae62,esmitch,2025-04-24,01:13:12,-04:00,2025-04-24T01:13:12-04:00,0,14
src/lib/Pie.svelte,66,css,c7c8ae62,esmitch,2025-04-24,01:13:12,-04:00,2025-04-24T01:13:12-04:00,0,13
src/lib/Pie.svelte,67,css,c7c8ae62,esmitch,2025-04-24,01:13:12,-04:00,2025-04-24T01:13:12-04:00,0,43
src/lib/Pie.svelte,68,css,c7c8ae62,esmitch,2025-04-24,01:13:12,-04:00,2025-04-24T01:13:12-04:00,0,48
src/lib/Pie.svelte,69,css,c7c8ae62,esmitch,2025-04-24,01:13:12,-04:00,2025-04-24T01:13:12-04:00,0,0
src/lib/Pie.svelte,70,css,c7c8ae62,esmitch,2025-04-24,01:13:12,-04:00,2025-04-24T01:13:12-04:00,0,0
src/lib/Pie.svelte,71,css,c7c8ae62,esmitch,2025-04-24,01:13:12,-04:00,2025-04-24T01:13:12-04:00,0,16
src/lib/Pie.svelte,72,css,c7c8ae62,esmitch,2025-04-24,01:13:12,-04:00,2025-04-24T01:13:12-04:00,0,4
src/lib/Pie.svelte,73,css,c7c8ae62,esmitch,2025-04-24,01:13:12,-04:00,2025-04-24T01:13:12-04:00,0,15
src/lib/Pie.svelte,74,css,c7c8ae62,esmitch,2025-04-24,01:13:12,-04:00,2025-04-24T01:13:12-04:00,0,17
src/lib/Pie.svelte,75,css,c7c8ae62,esmitch,2025-04-24,01:13:12,-04:00,2025-04-24T01:13:12-04:00,0,17
src/lib/Pie.svelte,76,css,c7c8ae62,esmitch,2025-04-24,01:13:12,-04:00,2025-04-24T01:13:12-04:00,0,0
src/lib/Pie.svelte,77,css,c7c8ae62,esmitch,2025-04-24,01:13:12,-04:00,2025-04-24T01:13:12-04:00,0,0
src/lib/Pie.svelte,78,css,c7c8ae62,esmitch,2025-04-24,01:13:12,-04:00,2025-04-24T01:13:12-04:00,0,23
src/lib/Pie.svelte,79,css,c7c8ae62,esmitch,2025-04-24,01:13:12,-04:00,2025-04-24T01:13:12-04:00,0,12
src/lib/Pie.svelte,80,css,c7c8ae62,esmitch,2025-04-24,01:13:12,-04:00,2025-04-24T01:13:12-04:00,0,21
src/lib/Pie.svelte,81,css,c7c8ae62,esmitch,2025-04-24,01:13:12,-04:00,2025-04-24T01:13:12-04:00,0,30
src/lib/Pie.svelte,82,css,c7c8ae62,esmitch,2025-04-24,01:13:12,-04:00,2025-04-24T01:13:12-04:00,0,11
src/lib/Pie.svelte,83,css,c7c8ae62,esmitch,2025-04-24,01:13:12,-04:00,2025-04-24T01:13:12-04:00,0,12
src/lib/Pie.svelte,84,css,c7c8ae62,esmitch,2025-04-24,01:13:12,-04:00,2025-04-24T01:13:12-04:00,0,22
src/lib/Pie.svelte,85,css,c7c8ae62,esmitch,2025-04-24,01:13:12,-04:00,2025-04-24T01:13:12-04:00,0,18
src/lib/Pie.svelte,86,css,c7c8ae62,esmitch,2025-04-24,01:13:12,-04:00,2025-04-24T01:13:12-04:00,0,0
src/lib/Pie.svelte,87,css,c7c8ae62,esmitch,2025-04-24,01:13:12,-04:00,2025-04-24T01:13:12-04:00,0,0
src/lib/Pie.svelte,88,css,c7c8ae62,esmitch,2025-04-24,01:13:12,-04:00,2025-04-24T01:13:12-04:00,0,19
src/lib/Pie.svelte,89,css,c7c8ae62,esmitch,2025-04-24,01:13:12,-04:00,2025-04-24T01:13:12-04:00,0,10
src/lib/Pie.svelte,90,css,c7c8ae62,esmitch,2025-04-24,01:13:12,-04:00,2025-04-24T01:13:12-04:00,0,50
src/lib/Pie.svelte,91,css,c7c8ae62,esmitch,2025-04-24,01:13:12,-04:00,2025-04-24T01:13:12-04:00,0,93
src/lib/Pie.svelte,92,css,c7c8ae62,esmitch,2025-04-24,01:13:12,-04:00,2025-04-24T01:13:12-04:00,0,56
src/lib/Pie.svelte,93,css,c7c8ae62,esmitch,2025-04-24,01:13:12,-04:00,2025-04-24T01:13:12-04:00,0,16
src/lib/Pie.svelte,94,css,c7c8ae62,esmitch,2025-04-24,01:13:12,-04:00,2025-04-24T01:13:12-04:00,0,43
src/lib/Pie.svelte,95,css,c7c8ae62,esmitch,2025-04-24,01:13:12,-04:00,2025-04-24T01:13:12-04:00,0,51
src/lib/Pie.svelte,96,css,c7c8ae62,esmitch,2025-04-24,01:13:12,-04:00,2025-04-24T01:13:12-04:00,0,27
src/lib/Pie.svelte,97,css,c7c8ae62,esmitch,2025-04-24,01:13:12,-04:00,2025-04-24T01:13:12-04:00,0,74
src/lib/Pie.svelte,98,css,c7c8ae62,esmitch,2025-04-24,01:13:12,-04:00,2025-04-24T01:13:12-04:00,0,65
src/lib/Pie.svelte,99,css,c7c8ae62,esmitch,2025-04-24,01:13:12,-04:00,2025-04-24T01:13:12-04:00,0,0
src/lib/Pie.svelte,100,css,c7c8ae62,esmitch,2025-04-24,01:13:12,-04:00,2025-04-24T01:13:12-04:00,0,0
src/lib/Pie.svelte,101,css,c7c8ae62,esmitch,2025-04-24,01:13:12,-04:00,2025-04-24T01:13:12-04:00,0,27
src/lib/Pie.svelte,102,css,c7c8ae62,esmitch,2025-04-24,01:13:12,-04:00,2025-04-24T01:13:12-04:00,0,13
src/lib/Pie.svelte,103,css,c7c8ae62,esmitch,2025-04-24,01:13:12,-04:00,2025-04-24T01:13:12-04:00,0,55
src/lib/Pie.svelte,104,css,c7c8ae62,esmitch,2025-04-24,01:13:12,-04:00,2025-04-24T01:13:12-04:00,0,13
src/lib/Pie.svelte,105,css,c7c8ae62,esmitch,2025-04-24,01:13:12,-04:00,2025-04-24T01:13:12-04:00,0,51
src/lib/Pie.svelte,106,css,c7c8ae62,esmitch,2025-04-24,01:13:12,-04:00,2025-04-24T01:13:12-04:00,0,54
src/lib/Pie.svelte,107,css,c7c8ae62,esmitch,2025-04-24,01:13:12,-04:00,2025-04-24T01:13:12-04:00,0,53
src/lib/Pie.svelte,108,css,c7c8ae62,esmitch,2025-04-24,01:13:12,-04:00,2025-04-24T01:13:12-04:00,0,0
src/lib/Pie.svelte,109,css,c7c8ae62,esmitch,2025-04-24,01:13:12,-04:00,2025-04-24T01:13:12-04:00,0,0
src/lib/Pie.svelte,110,css,c7c8ae62,esmitch,2025-04-24,01:13:12,-04:00,2025-04-24T01:13:12-04:00,0,54
src/lib/Pie.svelte,111,css,c7c8ae62,esmitch,2025-04-24,01:13:12,-04:00,2025-04-24T01:13:12-04:00,0,16
src/lib/Pie.svelte,112,css,c7c8ae62,esmitch,2025-04-24,01:13:12,-04:00,2025-04-24T01:13:12-04:00,0,61
src/lib/Pie.svelte,113,css,c7c8ae62,esmitch,2025-04-24,01:13:12,-04:00,2025-04-24T01:13:12-04:00,0,0
src/lib/Pie.svelte,114,css,c7c8ae62,esmitch,2025-04-24,01:13:12,-04:00,2025-04-24T01:13:12-04:00,0,0
src/lib/Pie.svelte,115,css,c7c8ae62,esmitch,2025-04-24,01:13:12,-04:00,2025-04-24T01:13:12-04:00,0,37
src/lib/Pie.svelte,116,css,c7c8ae62,esmitch,2025-04-24,01:13:12,-04:00,2025-04-24T01:13:12-04:00,1,12
src/lib/Pie.svelte,117,css,c7c8ae62,esmitch,2025-04-24,01:13:12,-04:00,2025-04-24T01:13:12-04:00,0,0
src/lib/Pie.svelte,118,css,c7c8ae62,esmitch,2025-04-24,01:13:12,-04:00,2025-04-24T01:13:12-04:00,0,0
src/lib/Pie.svelte,119,css,c7c8ae62,esmitch,2025-04-24,01:13:12,-04:00,2025-04-24T01:13:12-04:00,0,5
src/lib/Pie.svelte,120,css,c7c8ae62,esmitch,2025-04-24,01:13:12,-04:00,2025-04-24T01:13:12-04:00,1,17
src/lib/Pie.svelte,121,css,c7c8ae62,esmitch,2025-04-24,01:13:12,-04:00,2025-04-24T01:13:12-04:00,0,0
src/lib/Pie.svelte,122,css,c7c8ae62,esmitch,2025-04-24,01:13:12,-04:00,2025-04-24T01:13:12-04:00,0,0
src/lib/Pie.svelte,123,css,c7c8ae62,esmitch,2025-04-24,01:13:12,-04:00,2025-04-24T01:13:12-04:00,0,69
src/lib/Pie.svelte,124,css,c7c8ae62,esmitch,2025-04-24,01:13:12,-04:00,2025-04-24T01:13:12-04:00,0,39
src/lib/Pie.svelte,125,css,c7c8ae62,esmitch,2025-04-24,01:13:12,-04:00,2025-04-24T01:13:12-04:00,0,12
src/lib/Pie.svelte,126,css,c7c8ae62,esmitch,2025-04-24,01:13:12,-04:00,2025-04-24T01:13:12-04:00,0,0
src/lib/Pie.svelte,127,css,c7c8ae62,esmitch,2025-04-24,01:13:12,-04:00,2025-04-24T01:13:12-04:00,0,0
src/lib/Pie.svelte,128,css,c7c8ae62,esmitch,2025-04-24,01:13:12,-04:00,2025-04-24T01:13:12-04:00,0,10
src/lib/Pie.svelte,129,css,c7c8ae62,esmitch,2025-04-24,01:13:12,-04:00,2025-04-24T01:13:12-04:00,1,36
src/lib/Pie.svelte,130,css,c7c8ae62,esmitch,2025-04-24,01:13:12,-04:00,2025-04-24T01:13:12-04:00,1,0
src/lib/Pie.svelte,131,css,c7c8ae62,esmitch,2025-04-24,01:13:12,-04:00,2025-04-24T01:13:12-04:00,1,11
src/lib/Pie.svelte,132,css,c7c8ae62,esmitch,2025-04-24,01:13:12,-04:00,2025-04-24T01:13:12-04:00,2,29
src/lib/Pie.svelte,133,css,c7c8ae62,esmitch,2025-04-24,01:13:12,-04:00,2025-04-24T01:13:12-04:00,1,0
src/lib/Pie.svelte,134,css,c7c8ae62,esmitch,2025-04-24,01:13:12,-04:00,2025-04-24T01:13:12-04:00,1,0
src/lib/Pie.svelte,135,css,c7c8ae62,esmitch,2025-04-24,01:13:12,-04:00,2025-04-24T01:13:12-04:00,1,9
src/lib/Pie.svelte,136,css,c7c8ae62,esmitch,2025-04-24,01:13:12,-04:00,2025-04-24T01:13:12-04:00,2,19
src/lib/Pie.svelte,137,css,c7c8ae62,esmitch,2025-04-24,01:13:12,-04:00,2025-04-24T01:13:12-04:00,1,0
src/lib/Pie.svelte,138,css,c7c8ae62,esmitch,2025-04-24,01:13:12,-04:00,2025-04-24T01:13:12-04:00,0,0
src/lib/Pie.svelte,139,css,c7c8ae62,esmitch,2025-04-24,01:13:12,-04:00,2025-04-24T01:13:12-04:00,0,0
src/lib/Pie.svelte,140,css,c7c8ae62,esmitch,2025-04-24,01:13:12,-04:00,2025-04-24T01:13:12-04:00,0,36
src/lib/Pie.svelte,141,css,c7c8ae62,esmitch,2025-04-24,01:13:12,-04:00,2025-04-24T01:13:12-04:00,1,11
src/lib/Pie.svelte,142,css,c7c8ae62,esmitch,2025-04-24,01:13:12,-04:00,2025-04-24T01:13:12-04:00,0,0
src/lib/Pie.svelte,143,css,c7c8ae62,esmitch,2025-04-24,01:13:12,-04:00,2025-04-24T01:13:12-04:00,0,0
src/lib/Pie.svelte,144,css,c7c8ae62,esmitch,2025-04-24,01:13:12,-04:00,2025-04-24T01:13:12-04:00,0,11
src/lib/Pie.svelte,145,css,c7c8ae62,esmitch,2025-04-24,01:13:12,-04:00,2025-04-24T01:13:12-04:00,1,24
src/lib/Pie.svelte,146,css,c7c8ae62,esmitch,2025-04-24,01:13:12,-04:00,2025-04-24T01:13:12-04:00,0,0
src/lib/Pie.svelte,147,css,c7c8ae62,esmitch,2025-04-24,01:13:12,-04:00,2025-04-24T01:13:12-04:00,0,0
src/lib/Pie.svelte,148,css,c7c8ae62,esmitch,2025-04-24,01:13:12,-04:00,2025-04-24T01:13:12-04:00,0,0
src/lib/Pie.svelte,149,css,c7c8ae62,esmitch,2025-04-24,01:13:12,-04:00,2025-04-24T01:13:12-04:00,0,0
src/lib/Pie.svelte,150,svelte,c7c8ae62,esmitch,2025-04-24,01:13:12,-04:00,2025-04-24T01:13:12-04:00,0,7
